6,Level 10,10-й уровень
7,Level 20,20-й уровень
8,Level 30,30-й уровень
9,Level 40,40-й уровень
10,Level 50,50-й уровень
11,Level 60,60-й уровень
12,Level 70,70-й уровень
13,Level 80,80-й уровень
15,Plenty of Pets,Дружеская толпа
16,Did Somebody Order a Knuckle Sandwich?,Кому зуботычину?
31,A Simple Re-Quest,Простой рецепт
32,2000 Quests Completed,2000 заданий
33,Nothing Boring About Borean,Борьба в Борейщине
34,I've Toured the Fjord,Покорение фьордов
35,Might of Dragonblight,Кости на погосте
36,The Empire of Zul'Drak,Империя Зул'Драк
37,Fo' Grizzle My Shizzle,"Седые холмы, густые леса"
38,The Summit of Storm Peaks,Верховья Грозовой Гряды
39,Into the Basin,В Низину
40,Icecrown: The Final Goal,Цель – Ледяная Корона
41,Loremaster of Northrend,Хранитель мудрости Нордскола
42,Explore Eastern Kingdoms,Восточные королевства
43,Explore Kalimdor,Калимдор
44,Explore Outland,Запределье
45,Explore Northrend,Нордскол
46,World Explorer,Первооткрыватель
49,Alterac Valley victories,Победы в Альтеракской долине
50,Eye of the Storm victories,Победы на Оке Бури
51,Arathi Basin victories,Победы в Низине Арати
52,Warsong Gulch battles,Сражения в Ущелье Песни Войны
53,Alterac Valley battles,Сражения в Альтеракской долине
54,Eye of the Storm battles,Сражения на Оке Бури
55,Arathi Basin battles,Сражения в Низине Арати
56,Deaths in Warsong Gulch,Смерти в Ущелье Песни Войны
57,Deaths in Alterac Valley,Смерти в Альтеракской долине
58,Deaths from Drek'Thar,Смерти от Дрек'Тара
59,Deaths in Arathi Basin,Смерти в Низине Арати
60,Total deaths,Всего смертей
73,Disgracin' The Basin,Нападение на Низину
116,Professional Journeyman,Подмастерье
121,Journeyman Cook,Повар-подмастерье
122,Expert Cook,Повар-умелец
123,Artisan Cook,Повар-искусник
124,Master Cook,Мастер кулинарии
125,Grand Master Cook,Великий мастер кулинарии
126,Journeyman Fisherman,Рыболов-подмастерье
127,Expert Fisherman,Рыболов-умелец
128,Artisan Fisherman,Рыболов-искусник
129,Master Fisherman,Рыболов-мастер
130,Grand Master Fisherman,Великий мастер рыбной ловли
131,Journeyman Medic,Подмастерье первой помощи
132,Expert Medic,Умелец оказывать первую помощь
133,Artisan Medic,Искусник оказания первой помощи
134,Master Medic,Мастер оказания первой помощи
135,Grand Master Medic,Великий мастер первой помощи
137,Stocking Up,Запасаемся
141,Ultimate Triage,Срочная перевязка
144,The Lurker Above,Скрытое становится явным
150,The Fishing Diplomat,Дипломатическая рыбалка
153,The Old Gnome and the Sea,Старый гном и море
154,Arathi Basin Victory,Победа в Низине Арати
155,Arathi Basin Veteran,Защитник Низины Арати
156,Territorial Dominance,Господство в землях Арати
157,To The Rescue!,На помощь!
158,Me and the Cappin' Makin' it Happen,Ловкость рук и резвость ног
159,Let's Get This Done,У нас все получится!
161,Resilient Victory,Воля к победе
162,We Had It All Along *cough*,Они нам дышали в затылок…
165,Arathi Basin Perfection,Победить всухую в Низине
166,Warsong Gulch Victory,Победа в Ущелье Песни Войны
167,Warsong Gulch Veteran,Защитник Ущелья Песни Войны
168,Warsong Gulch Perfection,Победить всухую в Ущелье
199,Capture the Flag,Захват флага
200,Persistent Defender,Неутомимый защитник
201,Warsong Expedience,Рационализация Ущелья
202,Quick Cap,Быстрый захват
203,Not In My House,Только не у меня дома
204,Ironman,Железный человек
206,Supreme Defender,Лучший защитник
207,Save The Day,Спасти положение
208,Eye of the Storm Victory,Победа на Оке Бури
209,Eye of the Storm Veteran,Защитник Ока Бури
211,Storm Glory,Да будет буря!
212,Storm Capper,Вестник бури
213,Stormtrooper,Штурмовик
214,Flurry,Шквал
216,Bound for Glory,Обречен прославиться
218,Alterac Valley Victory,Победа в Альтеракской долине
219,Alterac Valley Veteran,Защитник Альтеракской долины
220,Stormpike Perfection,Превосходство Грозовой Вершины
221,Alterac Grave Robber,Кладбищенский вор Альтерака
222,Tower Defense,Защита башен
223,The Sickly Gazelle,Больная газель
224,Loyal Defender,Преданный защитник
225,Everything Counts,Учитывается все
226,The Alterac Blitz,Альтеракский блиц
227,Damage Control,Контроль над повреждениями
229,The Grim Reaper,Угрюмый жнец
230,Battlemaster,Военачальник
231,Wrecking Ball,Массовое уничтожение
233,Bloodthirsty Berserker,Кровожадный берсерк
238,An Honorable Kill,Победа в PvP
239,25000 Honorable Kills,25000 почетных побед в PvP
245,That Takes Class,Вот это класс!
246,Know Thy Enemy,Знай врага
247,Make Love,"Занимайтесь любовью, а не войной"
248,Sunday's Finest,Воскресный костюм
249,Dressed for the Occasion,Дорого платье к Саду чудес
252,With a Little Helper from My Friends,С некоторой помощью моих друзей…
255,Bring Me The Head of... Oh Wait,"Принеси мне голову… ээ, то есть…"
259,Scrooge,Бука
260,Charming,Чудесный оберег
263,Ice the Frost Lord,Заморозить Повелителя Холода
271,Burning Hot Pole Dance,Зажигательный танец у шеста
272,Torch Juggler,Жонглер факелами
273,On Metzen!,К Метцену!
275,Veteran Nanny,Заслуженная няня
277,'Tis the Season,Зимние деньки
279,Simply Abominable,Ох уж этот Гринч...
281,First Aid skill,Уровень знаний в первой помощи
283,The Masquerade,Маскарад
284,A Mask for All Occasions,Маски на все случаи жизни
288,Out With It,Сыт по горло
289,The Savior of Hallow's End,Спаситель Тыквовина
291,Check Your Head,У вас что-то с головой
292,Sinister Calling,Зловещий призыв
293,Disturbing the Peace,Дебошир
295,Direbrewfest,Фестиваль худоварева
303,Have Keg,С бочкой едешь – дальше будешь
306,Master Angler of Azeroth,Лучший рыболов Азерота
388,City Defender,На страже города
389,Gurubashi Arena Master,Повелитель арены Гурубаши
396,Gurubashi Arena Grand Master,Великий хозяин арены Гурубаши
397,Step Into The Arena,Шаг на арену
398,Mercilessly Dedicated,Безжалостность гладиатора
399,Just the Two of Us: 1550,Только ты и я: 1550
400,Just the Two of Us: 1750,Только ты и я: 1750
401,Just the Two of Us: 2000,Только ты и я: 2000
402,Three's Company: 1550,Трое – уже банда: 1550
403,Three's Company: 1750,Трое – уже банда: 1750
404,High Five: 2000,Большая пятерка: 2000
405,Three's Company: 2000,Трое – уже банда: 2000
406,High Five: 1550,Большая пятерка: 1550
407,High Five: 1750,Большая пятерка: 1750
408,Hot Streak,Полоса везения
409,Last Man Standing,Остаться в живых
411,Murky,Мурчаль
412,Murloc Costume,Костюм мурлока
414,Tyrael's Hilt,Эфес меча Тираэля
415,Big Blizzard Bear,Большой медведь Blizzard
416,Scarab Lord,Король-скарабей
418,Merciless Gladiator,Безжалостный гладиатор
419,Vengeful Gladiator,Мстительный гладиатор
420,Brutal Gladiator,Жестокий гладиатор
424,Why? Because It's Red,Почему? Потому что он красный.
425,Atiesh,"Атиеш, большой посох Стража"
426,Warglaives of Azzinoth,Клинки Аззинота
428,Thunderfury,"Грозовая Ярость, благословленный клинок Искателя Ветра"
429,Sulfuras,"Сульфурас, Рука Рагнароса"
430,Amani War Bear,Аманийский боевой медведь
431,Hand of A'dal,Длань А'дала
432,Champion of the Naaru,Защитник наару
433,Grand Marshal,Главнокомандующий
434,Field Marshal,Фельдмаршал
435,Commander,Командор
436,Lieutenant Commander,Лейтенант-командор
437,Knight-Champion,Рыцарь-защитник
438,Knight-Captain,Рыцарь-капитан
439,Knight,Рыцарь
440,Sergeant Major,Старшина
441,Master Sergeant,Старший сержант
442,Private,Рядовой
443,High Warlord,Верховный вождь
444,Lieutenant General,Лейтенант-генерал
445,Warlord,Вождь
446,General,Генерал
447,Champion,Защитник
448,Centurion,Центурион
449,Blood Guard,Кровавый страж
450,Senior Sergeant,Старший сержант
451,Stone Guard,Каменный страж
452,First Sergeant,Старшина
453,Sergeant,Сержант
454,Scout,Разведчик
456,Realm First! Obsidian Slayer,1-й на сервере! Покоритель Обсидианового святилища
457,Realm First! Level 80,1-й на сервере! Персонаж 80-го уровня
458,Realm First! Level 80 Rogue,1-й на сервере! Разбойник 80 уровня
459,Realm First! Level 80 Warrior,1-й на сервере! Воин 80-го уровня
460,Realm First! Level 80 Mage,1-й на сервере! Маг 80-го уровня
461,Realm First! Level 80 Death Knight,1-й на сервере! Рыцарь смерти 80 ур.
462,Realm First! Level 80 Hunter,1-й на сервере! Охотник 80-го уровня
463,Realm First! Level 80 Warlock,1-й на сервере! Чернокнижник 80-го уровня
464,Realm First! Level 80 Priest,1-й на сервере! Жрец 80-го уровня
465,Realm First! Level 80 Paladin,1-й на сервере! Паладин 80-го уровня
466,Realm First! Level 80 Druid,1-й на сервере! Друид 80-го уровня
467,Realm First! Level 80 Shaman,1-й на сервере! Шаман 80-го уровня
468,Grunt,Рубака
469,Legionnaire,Легионер
470,Corporal,Капрал
471,Sergeant,Сержант
472,Knight-Lieutenant,Рыцарь-лейтенант
473,Marshal,Маршал
477,Utgarde Keep,Крепость Утгард
478,The Nexus,Нексус
479,The Culling of Stratholme,Очищение Стратхольма
480,Azjol-Nerub,Азжол-Неруб
481,Ahn'kahet: The Old Kingdom,Ан'кахет: Старое Королевство
482,Drak'Tharon Keep,Крепость Драк'Тарон
483,The Violet Hold,Аметистовая крепость
484,Gundrak,Гундрак
485,Halls of Stone,Чертоги Камня
486,Halls of Lightning,Чертоги Молний
487,The Oculus,Окулус
488,Utgarde Pinnacle,Вершина Утгард
489,Heroic: Utgarde Keep,Крепость Утгард (героич.)
490,Heroic: The Nexus,Нексус (героич.)
491,Heroic: Azjol-Nerub,Азжол-Неруб (героич.)
492,Heroic: Ahn'kahet: The Old Kingdom,Ан'кахет: Старое Королевство (героич.)
493,Heroic: Drak'Tharon Keep,Крепость Драк'Тарон (героич.)
494,Heroic: The Violet Hold,Аметистовая крепость (героич.)
495,Heroic: Gundrak,Гундрак (героич.)
496,Heroic: Halls of Stone,Чертоги Камня (героич.)
497,Heroic: Halls of Lightning,Чертоги Молний (героич.)
498,Heroic: The Oculus,Окулус (героич.)
499,Heroic: Utgarde Pinnacle,Вершина Утгард (героич.)
500,Heroic: The Culling of Stratholme,Очищение Стратхольма (героич.)
503,50 Quests Completed,50 заданий
504,100 Quests Completed,100 заданий
505,250 Quests Completed,250 заданий
506,500 Quests Completed,500 заданий
507,1000 Quests Completed,1000 заданий
508,1500 Quests Completed,1500 заданий
509,10000 Honorable Kills,10000 почетных побед в PvP
512,5000 Honorable Kills,5000 почетных побед в PvP
513,100 Honorable Kills,100 почетных побед в PvP
515,500 Honorable Kills,500 почетных побед в PvP
516,1000 Honorable Kills,1000 почетных побед в PvP
518,30 Exalted Reputations,Превознесение среди 30 фракций
519,25 Exalted Reputations,Превознесение среди 25 фракций
520,20 Exalted Reputations,Превознесение среди 20 фракций
521,15 Exalted Reputations,Превознесение среди 15 фракций
522,Somebody Likes Me,Я кому-то нравлюсь!
523,5 Exalted Reputations,Превознесение среди 5 фракций
524,10 Exalted Reputations,Превознесение среди 10 фракций
527,Largest hit received,Максимальный полученный урон
528,Total damage received,Получено единиц урона
529,Most factions at Honored or higher,"Наибольшее количество фракций, относящихся к вам с уважением или лучше"
545,Shave and a Haircut,Пожалуйте бриться!
546,Safe Deposit,Банковская ячейка
547,Veteran of the Wrathgate,Ветеран Врат Гнева
556,Epic,Эпический герой
557,Superior,Превосходный боец
558,Greedy,Жадина
559,Needy,Ну очень нужно!
560,Deadliest Catch,Последний улов
561,D.E.H.T.A's Little P.I.T.A.,Наш Д.Э.Г.О.Ж. так пригож
562,The Arachnid Quarter (10 player),Паучий квартал (10 игроков)
563,The Arachnid Quarter (25 player),Паучий квартал (25 игроков)
564,The Construct Quarter (10 player),Квартал Мерзости (10 игроков)
565,The Construct Quarter (25 player),Квартал Мерзости (25 игроков)
566,The Plague Quarter (10 player),Чумной квартал (10 игроков)
567,The Plague Quarter (25 player),Чумной квартал (25 игроков)
568,The Military Quarter (10 player),Военный квартал (10 игроков)
569,The Military Quarter (25 player),Военный квартал (25 игроков)
572,Sapphiron's Demise (10 player),Гибель Сапфирона (10 игроков)
573,Sapphiron's Demise (25 player),Гибель Сапфирона (25 игроков)
574,Kel'Thuzad's Defeat (10 player),Кел'Тузад повержен (10 игроков)
575,Kel'Thuzad's Defeat (25 player),Смерть Кел'Тузада (25 игроков)
576,The Fall of Naxxramas (10 player),Падение Наксрамаса (10 игроков)
577,The Fall of Naxxramas (25 player),Падение Наксрамаса (25 игроков)
578,The Dedicated Few (10 player),Горстка смельчаков (10 игроков)
579,The Dedicated Few (25 player),Горстка смельчаков (25 игроков)
582,Alterac Valley All-Star,Программа максимум в Альтеракской долине
583,Arathi Basin All-Star,Программа максимум в Низине Арати
584,Arathi Basin Assassin,Убийца из Низины Арати
585,Eye of the Storm flags captured,Захваты флага на Оке Бури
586,Warsong Gulch flags returned,Количество возвращенных на базу флагов в Ущелье Песни Войны
587,Stormy Assassin,Убийца с Ока Бури
588,Total Honorable Kills,Всего почетных побед в PvP
589,Highest 5 man team rating,Наивысший командный рейтинг (5 на 5)
590,Highest 3 man team rating,Наивысший командный рейтинг (3 на 3)
593,Deaths from Vanndar Stormpike,Смерти от Вандара Грозовой Вершины
594,Deaths from Hogger,Смерти от Дробителя
595,Highest 3 man personal rating,Наивысший личный рейтинг (3 на 3)
596,Highest 5 man personal rating,Наивысший личный рейтинг (5 на 5)
603,Wrath of the Horde,Гнев Орды
604,Wrath of the Alliance,Гнев Альянса
605,A Coin of Ancestry,Монета наследия
606,5 Coins of Ancestry,5 монет наследия
607,10 Coins of Ancestry,10 монет наследия
608,25 Coins of Ancestry,25 монет наследия
609,50 Coins of Ancestry,50 монет наследия
610,Death to the Warchief!,Смерть вождя
611,Bleeding Bloodhoof,Наступить на Кровавое Копыто
612,Downing the Dark Lady,Упокоить Темную Госпожу
613,Killed in Quel'Thalas,Убийство в Кель'Таласе
614,For The Alliance!,За Альянс!
615,Storming Stormwind,Штурм Штормграда
616,Overthrow the Council,Король умер!
617,Immortal No More,Уже не бессмертна
618,Putting Out the Light,Гасите свет
619,For The Horde!,За Орду!
621,Represent,Представитель
622,The Spellweaver's Downfall (10 player),Низвержение Хранителя Магии (10 игроков)
623,The Spellweaver's Downfall (25 player),Низвержение Хранителя Магии (25 игроков)
624,Less Is More (10 player),Меньше – не значит хуже (10 игроков)
625,Besting the Black Dragonflight (25 player),Победа над родом Черных драконов (25 игроков)
626,Lunar Festival Finery,Уборы Лунного фестиваля
627,Explore Dun Morogh,Дун Морог
628,Deadmines,Мертвые копи
629,Ragefire Chasm,Огненная пропасть
630,Wailing Caverns,Пещеры Стенаний
631,Shadowfang Keep,Крепость Темного Клыка
632,Blackfathom Deeps,Непроглядная Пучина
633,Stormwind Stockade,Тюрьма Штормграда
634,Gnomeregan,Гномреган
635,Razorfen Kraul,Лабиринты Иглошкурых
636,Razorfen Downs,Курганы Иглошкурых
637,Scarlet Monastery,Монастырь Алого ордена
638,Uldaman,Ульдаман
639,Zul'Farrak,Зул'Фаррак
640,Maraudon,Мародон
641,Sunken Temple,Затонувший храм
642,Blackrock Depths,Глубины Черной горы
643,Lower Blackrock Spire,Нижняя часть Черной горы
644,King of Dire Maul,Правитель Забытого Города
645,Scholomance,Некроситет
646,Stratholme,Стратхольм
647,Hellfire Ramparts,Бастионы Адского Пламени
648,The Blood Furnace,Кузня Крови
649,The Slave Pens,Узилище
650,Underbog,Нижетопь
651,Mana-Tombs,Гробницы Маны
652,The Escape From Durnholde,Побег из Дарнхольда
653,Sethekk Halls,Сетеккские залы
654,Shadow Labyrinth,Темный лабиринт
655,Opening of the Dark Portal,Открытие Темного портала
656,The Steamvault,Паровое подземелье
657,The Shattered Halls,Разрушенные залы
658,The Mechanar,Механар
659,The Botanica,Ботаника
660,The Arcatraz,Аркатрац
661,Magister's Terrace,Терраса Магистров
662,Collector's Edition: Mini-Diablo,Коллекционное издание: мини-Диабло
663,Collector's Edition: Panda,Коллекционное издание: Панда
664,Collector's Edition: Zergling,Коллекционное издание: Зерглинг
665,Collector's Edition: Netherwhelp,Коллекц. издание: дракончик Пустоты
666,Auchenai Crypts,Аукенайские гробницы
667,Heroic: Hellfire Ramparts,Бастионы Адского Пламени (героич.)
668,Heroic: The Blood Furnace,Кузня Крови (героич.)
669,Heroic: The Slave Pens,Узилище (героич.)
670,Heroic: Underbog,Нижетопь (героич.)
671,Heroic: Mana-Tombs,Гробницы маны (героич.)
672,Heroic: Auchenai Crypts,Аукенайские гробницы (героич.)
673,Heroic: The Escape From Durnholde,Побег из Дарнхольда (героич.)
674,Heroic: Sethekk Halls,Сетеккские залы (героич.)
675,Heroic: Shadow Labyrinth,Темный лабиринт (героич.)
676,Heroic: Opening of the Dark Portal,Открытие Темного портала (героич.)
677,Heroic: The Steamvault,Паровое подземелье (героич.)
678,Heroic: The Shattered Halls,Разрушенные залы (героич.)
679,Heroic: The Mechanar,Механар (героич.)
680,Heroic: The Botanica,Ботаника (героич.)
681,Heroic: The Arcatraz,Аркатрац (героич.)
682,Heroic: Magister's Terrace,Терраса Магистров (героич.)
683,Collector's Edition: Frost Wyrm Whelp,Коллекционное издание: Морозец
684,Onyxia's Lair (Level 60),Логово Ониксии (60-й уровень)
685,Blackwing Lair,Логово Крыла Тьмы
686,Molten Core,Огненные Недра
687,Temple of Ahn'Qiraj,Храм Ан'Киража
688,Zul'Gurub,Зул'Гуруб
689,Ruins of Ahn'Qiraj,Руины Ан'Киража
690,Karazhan,Каражан
691,Zul'Aman,Зул'Аман
692,Gruul's Lair,Логово Груула
693,Magtheridon's Lair,Логово Магтеридона
694,Serpentshrine Cavern,Змеиное святилище
695,The Battle for Mount Hyjal,Битва за гору Хиджал
696,Tempest Keep,Крепость Бурь
697,The Black Temple,Черный храм
698,Sunwell Plateau,Плато Солнечного Колодца
699,World Wide Winner,Чемпион войны
700,Freedom of the Horde,Свобода Орды
701,Freedom of the Alliance,Свобода Альянса
705,Master of Arms,Искусство владения оружием
706,Frostwolf Howler,Верховой Северный Волк
707,Stormpike Battle Charger,Боевой скакун Грозовой Вершины
708,Hero of the Frostwolf Clan,Герой клана Северного Волка
709,Hero of the Stormpike Guard,Герой Стражи Грозовой Вершины
710,The Defiler,Осквернитель
711,Knight of Arathor,Рыцарь Аратора
712,Warsong Outrider,Всадник из клана Песни Войны
713,Silverwing Sentinel,Часовой Среброкрылых
714,The Conqueror,Завоеватель
725,Thori'dal,"Тори'дал, Звездная Ярость"
726,Mr. Pinchy's Magical Crawdad Box,Шкатулка с волшебным речным раком
727,Call in the Cavalry,"Кавалеристы, вперед!"
728,Explore Durotar,Дуротар
729,Deathcharger's Reins,Поводья коня смерти
730,Skills to Pay the Bills,На все руки мастер
731,Professional Expert,Умелец
732,Professional Artisan,Искусник
733,Professional Master,Мастер
734,Professional Grand Master,Великий мастер
735,Working Day and Night,Работать от рассвета до заката
736,Explore Mulgore,Мулгор
750,Explore Northern Barrens,Степи
753,Average gold earned per day,Среднее количество золота за день
759,Average daily quests completed per day,Среднее кол-во ежедневных заданий за день
761,Explore Arathi Highlands,Нагорье Арати
762,Ambassador of the Horde,Посланник Орды
763,The Burning Crusader,Пламенный Рыцарь
764,The Burning Crusader,Пламенный Рыцарь
765,Explore Badlands,Бесплодные земли
766,Explore Blasted Lands,Выжженные земли
768,Explore Tirisfal Glades,Тирисфальские леса
769,Explore Silverpine Forest,Серебряный бор
770,Explore Western Plaguelands,Западные Чумные земли
771,Explore Eastern Plaguelands,Восточные Чумные земли
772,Explore Hillsbrad Foothills,Предгорья Хилсбрада
773,Explore The Hinterlands,Внутренние земли
774,Explore Searing Gorge,Тлеющее ущелье
775,Explore Burning Steppes,Пылающие степи
776,Explore Elwynn Forest,Элвиннский лес
777,Explore Deadwind Pass,Перевал Мертвого Ветра
778,Explore Duskwood,Сумеречный лес
779,Explore Loch Modan,Лок Модан
780,Explore Redridge Mountains,Красногорье
781,Explore Northern Stranglethorn,Тернистая долина
782,Explore Swamp of Sorrows,Болото Печали
783,The Perfect Storm,Идеальный штурм
784,Eye of the Storm Domination,Покорение Ока Бури
796,Resurrected by priests,Вы были воскрешены жрецами
798,Rebirthed by druids,Вы были возрождены друидами
799,Spirit returned to body by shamans,Ваш дух возвращали в тело шаманы
800,Redeemed by paladins,Вы были возвращены к жизни паладинами
801,Resurrected by soulstones,Вы воскресали при помощи камня души
802,Explore Westfall,Западный Край
811,Flasks consumed,Количество выпитых настоев
812,Healthstones used,Количество использованных камней здоровья
829,Largest heal received,"Макс. кол-во здоровья, исцеленного заклинанием"
830,Total healing received,"Количество здоровья, исцеленного другими"
837,Arenas won,Одержано побед на арене
838,Arenas played,Всего боев на арене
839,Battlegrounds played,Сыгранные сражения на поле боя
840,Battlegrounds won,Выигранные сражения на поле боя
841,Explore Wetlands,Болотина
842,Explore Teldrassil,Тельдрассил
843,Explore Netherstorm,Пустоверть
844,Explore Darkshore,Темные берега
845,Explore Ashenvale,Ясеневый лес
846,Explore Thousand Needles,Тысяча игл
847,Explore Stonetalon Mountains,Когтистые горы
848,Explore Desolace,Пустоши
849,Explore Feralas,Фералас
850,Explore Dustwallow Marsh,Пылевые топи
851,Explore Tanaris,Пустыня Танарис
852,Explore Azshara,Азшара
853,Explore Felwood,Оскверненный лес
854,Explore Un'Goro Crater,Кратер Ун'Горо
855,Explore Moonglade,Лунная поляна
856,Explore Silithus,Силитус
857,Explore Winterspring,Зимние Ключи
858,Explore Ghostlands,Призрачные земли
859,Explore Eversong Woods,Леса Вечной Песни
860,Explore Azuremyst Isle,Остров Лазурной Дымки
861,Explore Bloodmyst Isle,Остров Кровавой Дымки
862,Explore Hellfire Peninsula,Полуостров Адского Пламени
863,Explore Zangarmarsh,Зангартопь
864,Explore Shadowmoon Valley,Долина Призрачной Луны
865,Explore Blade's Edge Mountains,Острогорье
866,Explore Nagrand,Награнд
867,Explore Terokkar Forest,Лес Тероккар
868,Explore Isle of Quel'Danas,Остров Кель'Данас
869,50000 Honorable Kills,50000 почетных побед в PvP
870,100000 Honorable Kills,100000 почетных побед в PvP
871,Avast Ye,Якорь мне в глотку!
872,Frenzied Defender,Негодующий защитник
873,Frostwolf Perfection,Превосходство Северного Волка
875,Vengefully Dedicated,Мстительность гладиатора
876,Brutally Dedicated,Жестокость гладиатора
877,The Cake Is Not A Lie,Торт – это не выдумка!
878,One That Didn't Get Away,Рыбка не ускользнула
879,Old School Ride,Олдскульный наездник
880,Swift Zulian Tiger,Стремительный зулианский тигр
881,Swift Razzashi Raptor,Стремительный ящер Раззаши
882,Fiery Warhorse's Reins,Поводья огненного боевого коня
883,Reins of the Raven Lord,Поводья Владыки Воронов
884,Swift White Hawkstrider,Стремительный белый крылобег
885,Ashes of Al'ar,Пепел Ал'ара
886,Swift Nether Drake,Стремительный дракон Пустоты
887,Merciless Nether Drake,Безжалостный дракон Пустоты
888,Vengeful Nether Drake,Мстительный дракон Пустоты
889,Fast and Furious,На всех парах
890,Into The Wild Blue Yonder,В голубую высь
891,Giddy Up!,Четыре ноги – лучше
892,The Right Stuff,Вас не догонят
893,Cenarion War Hippogryph,Кенарийский боевой гиппогриф
894,Flying High Over Skettis,Пролетая над гнездами Скеттиса
896,A Quest a Day Keeps the Ogres at Bay,"С ограми поведешься, от огров и наберешься"
897,You're So Offensive,Солнечный удар
898,On Wings of Nether,На крыльях Пустоты
899,Oh My,"Ай, Куренай!"
900,The Czar of Sporeggar,Царь Спореггара
901,Mag'har of Draenor,Маг'хар из Дренора
902,Chief Exalted Officer,Главный превозносительный директор
903,Shattrath Divided,Раздел Шаттрата
905,Old Man Barlowned,Старина ры-Барло
906,Kickin' It Up a Notch,Заварим кашу
907,The Justicar,Вершитель правосудия
908,Call to Arms!,К оружию!
909,Call to Arms!,К оружию!
910,Elders of the Dungeons,Предки в подземельях
911,Elders of Kalimdor,Предки Калимдора
912,Elders of Eastern Kingdoms,Предки Восточных королевств
913,To Honor One's Elders,Почтение к предкам
914,Elders of the Horde,Предки Орды
915,Elders of the Alliance,Предки Альянса
916,Total deaths in 25-player raids,Смерти в рейдах для 25 игроков
917,Total deaths in 10-player raids,Смерти в рейдах для 10 игроков
918,Total deaths in 5-player dungeons,Смерти в подземельях для 5 игроков
919,Gold earned from auctions,Получено золота на аукционе
921,Gold from vendors,Получено золота от торговцев
922,Mana potions consumed,Выпито зелий маны
923,Elixirs consumed,Выпито эликсиров
924,Most Northrend factions at Exalted,"Наибольшее количество фракций Нордскола, которые вас превозносят"
925,Most Outland factions at Exalted,"Наибольшее количество фракций Запределья, которые вас превозносят"
926,Most Horde factions at Exalted,"Наибольшее количество фракций Орды, которые вас превозносят"
927,Equipped epic items in item slots,Количество эпических предметов в снаряжении
928,Extra bank slots purchased,Количество дополнительных ячеек в банке
931,Total factions encountered,Встреченные фракции
932,Total 5-player dungeons entered,Посещенные подземелья для 5 игроков
933,Total 10-player raids entered,Посещенные рейды на 10 игроков
934,Total 25-player raids entered,Посещенные рейды на 25 игроков
937,Elune's Blessing,Благословение Элуны
938,The Snows of Northrend,Снега Нордскола
939,Hills Like White Elekk,Холмы как белые элекки
940,The Green Hills of Stranglethorn,Зеленые холмы Тернистой долины
941,Hemet Nesingwary: The Collected Quests,Хеминг Эрнестуэй: Собрание заданий
942,The Diplomat,Дипломат
943,The Diplomat,Дипломат
944,They Love Me In That Tunnel,В том тоннеле меня любят!
945,The Argent Champion,Чемпион Серебряного Авангарда
946,The Argent Dawn,Серебряный Рассвет
947,The Argent Crusade,Серебряный Авангард
948,Ambassador of the Alliance,Посланник Альянса
949,Tuskarrmageddon,Клыкаррмагеддон
950,Frenzyheart Tribe,Племя Бешеного Сердца
951,The Oracles,Оракулы
952,Mercenary of Sholazar,Наемник Шолазара
953,Guardian of Cenarius,Защитник Кенария
955,Hydraxian Waterlords,Гидраксианские Повелители Вод
956,Brood of Nozdormu,Род Ноздорму
957,Hero of the Zandalar Tribe,Герой племени Зандалар
958,Sworn to the Deathsworn,Служитель Смерти
959,The Scale of the Sands,Песчаная Чешуя
960,The Violet Eye,Аметистовое Око
961,Honorary Frenzyheart,Поистине мятежное сердце
962,Savior of the Oracles,Спаситель оракулов
963,Tricks and Treats of Kalimdor,"""Конфета или жизнь"" в Калимдоре"
964,Going Down?,Полетели?
965,Tricks and Treats of Kalimdor,"""Конфета или жизнь"" в Калимдоре"
966,Tricks and Treats of Eastern Kingdoms,"""Конфета или жизнь"" в Восточных королевствах"
967,Tricks and Treats of Eastern Kingdoms,"""Конфета или жизнь"" в Восточных королевствах"
968,Tricks and Treats of Outland,"""Конфета или жизнь"" в Запределье"
969,Tricks and Treats of Outland,"""Конфета или жизнь"" в Запределье"
971,Tricks and Treats of Azeroth,"""Конфета или жизнь"" в Азероте"
972,Trick or Treat!,Конфета или жизнь!
973,5 Daily Quests Complete,5 ежедневных заданий
974,50 Daily Quests Complete,50 ежедневных заданий
975,200 Daily Quests Complete,200 ежедневных заданий
976,500 Daily Quests Complete,500 ежедневных заданий
977,1000 Daily Quests Complete,1000 ежедневных заданий
978,3000 Quests Completed,3000 заданий
979,The Mask Task,Время масок
980,The Horseman's Reins,Поводья Всадника без головы
981,That Sparkling Smile,Сияющая улыбка
1005,Know Thy Enemy,Знай врага
1006,City Defender,На страже города
1007,The Wyrmrest Accord,Драконий союз
1008,The Kirin Tor,Кирин-Тор
1009,Knights of the Ebon Blade,Рыцари Черного Клинка
1010,Northrend Vanguard,Авангард Нордскола
1011,The Winds of the North,Северные ветра
1012,The Winds of the North,Северные ветра
1014,35 Exalted Reputations,Превознесение среди 35 фракций
1015,40 Exalted Reputations,Превознесение среди 40 фракций
1017,Can I Keep Him?,Можно мне его оставить?
1020,Ten Tabards,10 гербовых накидок
1021,Twenty-Five Tabards,25 гербовых накидок
1022,Flame Warden of Eastern Kingdoms,Страж огня Восточных королевств
1023,Flame Warden of Kalimdor,Хранитель огня Калимдора
1024,Flame Warden of Outland,Страж огня Запределья
1025,Flame Keeper of Eastern Kingdoms,Хранитель огня Восточных королевств
1026,Flame Keeper of Kalimdor,Хранитель огня Калимдора
1027,Flame Keeper of Outland,Хранитель огня Запределья
1028,Extinguishing Eastern Kingdoms,Погасить костры Восточных королевств
1029,Extinguishing Kalimdor,Погасить костры Калимдора
1030,Extinguishing Outland,Погасить костры Запределья
1031,Extinguishing Eastern Kingdoms,Погасить костры Восточных королевств
1032,Extinguishing Kalimdor,Погасить костры Калимдора
1033,Extinguishing Outland,Погасить костры Запределья
1034,The Fires of Azeroth,Огни Азерота
1035,Desecration of the Horde,Осквернение костров Орды
1036,The Fires of Azeroth,Огни Азерота
1037,Desecration of the Alliance,Осквернение огней Альянса
1038,The Flame Warden,Страж огня
1039,The Flame Keeper,Хранитель огня
1040,Rotten Hallow,Подпорченный праздник
1041,Rotten Hallow,Подпорченный праздник
1042,Number of hugs,Сколько раз вы обнимали
1043,Greed rolls made on loot,"Бросков ""Не откажусь"" при разделе добычи"
1044,Need rolls made on loot,"Броски костей ""Мне это нужно"""
1045,Total cheers,Сколько раз вы радовались успехам
1047,Total facepalms,Вы прятали лицо в ладонях
1057,Deaths in 2v2,Смерти в команде 2 на 2
1065,Total waves,Сколько раз вы помахали рукой
1066,Total times LOL'd,Сколько раз вы рассмеялись
1067,Total times playing world's smallest violin,Игра на самой маленькой скрипке в мире
1068,Keli'dan the Breaker kills (The Blood Furnace),Убийства Кели'дана Разрушителя (Кузня Крови)
1069,Nexus-Prince Shaffar kills (Mana Tombs),Убийства Принца Шаффара (гробницы Маны)
1070,Epoch Hunter kills (The Escape From Durnholde),Убийства Охотника Вечности (Побег из Дарнхольда)
1071,Quagmirran kills (Slave Pens),Убийства Зыбуна (Узилище)
1072,Black Stalker kills (Underbog),Убийства Темной Охотницы (Нижетопь)
1073,Exarch Maladaar kills (Auchenai Crypts),Убийства экзарха Маладаара (Аукенайские гробницы)
1074,Talon King Ikiss kills (Sethekk Halls),Убийства Короля Айкисса (Сетеккские залы)
1075,Murmur kills (Shadow Labyrinth),Убийства Бормотуна (Темный лабиринт)
1076,Aeonus kills (Opening of the Dark Portal),Убийства Эонуса (Открытие Темного портала)
1077,Warlord Kalithresh kills (The Steamvault),Убийства Полководца Калитреша (Паровое подземелье)
1078,Warchief Kargath Bladefist kills (The Shattered Halls),Убийства Вождя Каргата Острорука (Разрушенные залы)
1079,Pathaleon the Calculator kills (The Mechanar),Убийства Паталеона Вычислителя (Механар)
1080,Warp Splinter kills (The Botanica),Убийства Узлодревня (Ботаника)
1081,Harbinger Skyriss kills (The Arcatraz),Убийства Предвестника Скайрисса (Аркатрац)
1082,Kael'thas Sunstrider kills (Magister's Terrace),Убийства Кель'таса Солнечного Скитальца (Терраса Магистров)
1083,Prince Malchezaar kills (Karazhan),Убийства Принца Малчезара (Каражан)
1084,Zul'jin kills (Zul'Aman),Убийства Зул'джина (Зул'Аман)
1085,Gruul kills (Gruul's Lair),Убийства Груула (Логово Груула)
1086,Magtheridon kills (Magtheridon's Lair),Убийства Магтеридона (Логово Магтеридона)
1087,Lady Vashj kills (Serpentshrine Cavern),Убийства Леди Вайш (Змеиное святилище)
1088,Kael'thas Sunstrider kills (Tempest Keep),Убийства Кель'таса Солнечного Скитальца (Крепость Бурь)
1089,Illidan Stormrage kills (The Black Temple),Убийства Иллидана Ярости Бури (Черный храм)
1090,Kil'jaeden kills (Sunwell Plateau),Убийства Кил'джедена (Плато Солнечного Колодца)
1091,Captain Cookie kills (Deadmines),Убийства Эдвина ван Клифа (Мертвые копи)
1092,Lord Godfrey kills (Shadowfang Keep),Убийства верховного мага Аругала (Крепость Темного Клыка)
1093,High Inquisitor Whitemane kills (Scarlet Monastery),Убийства Командира Могрейна (Монастырь Алого ордена)
1094,Chief Ukorz Sandscalp kills (Zul'Farrak),Убийства вождя Укорза Песчаной Плеши (Зул'Фаррак)
1095,Emperor Dagran Thaurissan kills (Blackrock Depths),Убийства императора Даграна Тауриссана (Глубины Черной горы)
1096,General Drakkisath kills (Upper Blackrock Spire),Убийства Генерала Драккисата (Пик Черной горы)
1097,Rivendare kills (Stratholme),Убийства барона Ривендера (Стратхольм)
1098,Onyxia kills (Onyxia's Lair),Убийства Ониксии (Логово Ониксии)
1099,Ragnaros kills (Molten Core),Убийства Рагнароса (Огненные Недра)
1100,Nefarian kills (Blackwing Lair),Убийства Нефариана (Логово Крыльев Тьмы)
1101,C'Thun kills (Temple of Ahn'Qiraj),Убийства К'Туна (Храм Ан'Кираж)
1102,Hakkar kills (Zul'Gurub),Убийства Хаккара (Зул'Гуруб)
1103,Lich King 5-player dungeons completed (final boss defeated),Пройденные подземелья Lich King (5 игроков)
1104,Lich King 10-player raids completed (final boss defeated),Пройденные подземелья Lich King (10 игроков)
1106,Deaths in Eye of the Storm,Смерти на Оке Бури
1107,Deaths in 3v3,Смерти в команде 3 на 3
1108,Deaths in 5v5,Смерти в команде 5 на 5
1109,5v5 Arena Honorable Kills,Почетных убийств на арене 5 на 5
1110,3v3 Arena Honorable Kills,3 на 3 на арене
1111,2v2 Arena Honorable Kills,2 на 2 на арене
1112,Eye of the Storm Honorable Kills,Почетных побед на Оке Бури
1113,Alterac Valley Honorable Kills,Почетных побед в Альтеракской долине
1114,Arathi Basin Honorable Kills,Почетных побед в Низине Арати
1115,Warsong Gulch Honorable Kills,Почетных побед в Ущелье Песни Войны
1145,King of the Fire Festival,Король Огненного Солнцеворота
1146,Gold spent on travel,"Кол-во золота, потраченное на путешествия"
1147,Gold spent at barber shops,"Кол-во золота, потраченного в парикмахерских"
1148,Gold spent on postage,"Кол-во золота, потраченного на почту"
1149,Talent tree respecs,Количество сбросов талантов
1150,Gold spent on talent tree respecs,"Кол-во золота, потраченного на сброс талантов"
1151,Loyal Defender,Преданный защитник
1153,Overly Defensive,Сверхзащита
1157,Duel-icious,Дуэлянт
1159,Just the Two of Us: 2200,Только ты и я: 2200
1160,Three's Company: 2200,Трое – уже банда: 2200
1161,High Five: 2200,Большая пятерка: 2200
1162,Hotter Streak,Полоса удачи
1164,Everything Counts,Учитывается все
1165,"My Sack is ""Gigantique""","У меня ""Большущая"" сумка!"
1166,To the Looter Go the Spoils,Трофей достается победителю
1167,Master of Alterac Valley,Хозяин Альтеракской долины
1169,Master of Arathi Basin,Хозяин Низины Арати
1171,Master of Eye of the Storm,Повелитель Ока Бури
1172,Master of Warsong Gulch,Повелитель Ущелья Песни Войны
1174,The Arena Master,Повелитель арены
1175,Battlemaster,Военачальник
1176,Got My Mind On My Money,"Деньги-деньги, дребеденьги"
1177,Got My Mind On My Money,"Деньги-деньги, дребеденьги"
1178,Got My Mind On My Money,"Деньги-деньги, дребеденьги"
1180,Got My Mind On My Money,"Деньги-деньги, дребеденьги"
1181,Got My Mind On My Money,"Деньги-деньги, дребеденьги"
1182,The Bread Winner,Кормилец
1183,Brew of the Year,Пиво года
1184,Strange Brew,Странное пиво
1185,The Brewfest Diet,Пивная диета
1186,Down With The Dark Iron,Покончить с Черным Железом
1188,Shafted!,Сразить наповал!
1189,To Hellfire and Back,Из огня да в полымя
1190,Mysteries of the Marsh,Тайны топи
1191,Terror of Terokkar,Террор в Тероккаре
1192,Nagrand Slam,Гром в Награнде
1193,On the Blade's Edge,На пиках скал
1194,Into the Nether,В Пустоту
1195,Shadow of the Betrayer,Тень Предателя
1197,Total kills,Всего убийств
1198,Total kills that grant experience or honor,"Всего убийств, приносящих честь или опыт"
1199,Professions learned,Освоенные профессии
1200,Secondary skills at maximum skill,"Вспомогательные навыки, доведенные до совершенства"
1201,Professions at maximum skill,"Профессии, доведенные до совершенства"
1203,Strange Brew,Странное пиво
1205,Hero of Shattrath,Герой Шаттрата
1206,To All The Squirrels I've Loved Before,"Всем белочкам, которых я любил…"
1225,Outland Angler,Рыболов Запределья
1229,Revived by druids,Вы были оживлены друидами
1231,Keristrasza kills (The Nexus),Убийства Керистразы (Нексус)
1232,Anub'arak kills (Azjol-Nerub),Убийства Ануб'арака (Азжол-Неруб)
1233,Herald Volazj kills (Ahn'kahet: The Old Kingdom),Убийства глашатая Волажа (Ан'кахет: Старое Королевство)
1234,The Prophet Tharon'ja kills (Drak'Tharon Keep),Убийства Пророка Тарон'джа (Крепость Драк'Тарон)
1235,Cyanigosa kills (The Violet Hold),Убийства Синигосы (Аметистовая крепость)
1236,Gal'darah kills (Gundrak),Убийства Гал'дара (Гундрак)
1237,Sjonnir the Ironshaper kills (Halls of Stone),Убийства Сьоннира Литейщика (Чертоги Камня)
1238,Loken kills (Halls of Lightning),Убийства Локена (Чертоги Молний)
1239,Ley-Guardian Eregos kills (The Oculus),Убийства хранителя энергии Эрегоса (Окулус)
1240,King Ymiron kills (Utgarde Pinnacle),Убийства Короля Имирона (Вершина Утгард)
1241,Mal'Ganis defeated (Caverns of Time: Stratholme),Убийства Мал'Ганиса (Пещеры Времени: Стратхольм)
1242,Ingvar the Plunderer kills (Utgarde Keep),Убийства Ингвара Расхитителя (Крепость Утгард)
1243,Fish Don't Leave Footprints,Рыба следов не оставляет
1244,Well Read,Эрудированность
1248,Plethora of Pets,Море друзей
1250,Shop Smart,Маленькая такая компания
1251,Not In My House,Только не у меня дома
1252,Supreme Defender,Лучший защитник
1254,Friend or Fowl?,Друг или индюк?
1255,Scrooge,Бука
1257,The Scavenger,Мародер
1258,Take a Chill Pill,С пылу с жару
1259,Not So Fast,Чуть помедленнее!
1260,Almost Blind Luck,Пьяному море по колено
1261,G.N.E.R.D. Rage,Безумие Г.Л.А.Д.О.С.Т.И.
1262,Loremaster of Outland,Хранитель мудрости Запределья
1263,Explore Howling Fjord,Ревущий фьорд
1264,Explore Borean Tundra,Борейская тундра
1265,Explore Dragonblight,Драконий Погост
1266,Explore Grizzly Hills,Седые холмы
1267,Explore Zul'Drak,Зул'Драк
1268,Explore Sholazar Basin,Низина Шолазар
1269,Explore Storm Peaks,Грозовая Гряда
1270,Explore Icecrown,Ледяная Корона
1271,To Hellfire and Back,Из огня да в полымя
1272,Terror of Terokkar,Террор в Тероккаре
1273,Nagrand Slam,Гром в Награнде
1275,Bombs Away,Сбрасывай бомбу!
1276,Blade's Edge Bomberman,Бомбист Острогорья
1277,Rapid Defense,Быстрая оборона
1279,Flirt With Disaster,Заигрывания со страшилищем
1280,Flirt With Disaster,Заигрывания со страшилищем
1281,The Rocket's Red Glare,Слепящий блеск ракет
1282,Fa-la-la-la-Ogri'la,Ла-ла-ла-Огри'ла
1283,Classic Dungeonmaster,Повелитель подземелий
1284,Outland Dungeonmaster,Повелитель подземелий Запределья
1285,Classic Raider,Рейдер старой закалки
1286,Outland Raider,Поход по Запределью
1287,Outland Dungeon Hero,Покоритель подземелий Запределья
1288,Northrend Dungeonmaster,Повелитель подземелий Нордскола
1289,Northrend Dungeon Hero,Покоритель подземелий Нордскола
1291,Lonely?,Вам одиноко?
1292,Yellow Brewfest Stein,Желтая кружка Хмельного фестиваля
1293,Blue Brewfest Stein,Синяя кружка Хмельного фестиваля
1295,Crashin' & Thrashin',Бей да молоти
1296,Watch Him Die,Пусть он умрет на твоих глазах
1297,Hadronox Denied,Хадонокс низвергнут
1298,Different bandage types used,Количество различных использованных бинтов
1299,Health potion used most,Самое часто используемое зелье здоровья
1300,Different health potions used,Количество различных выпитых зелий здоровья
1301,Mana potion used most,Самое часто используемое зелье маны
1302,Different mana potions used,Количество различных выпитых зелий маны
1303,Elixir consumed most,Самый часто используемый эликсир
1304,Different elixirs used,Количество различных выпитых эликсиров
1305,Flask consumed most,Самый часто используемый настой
1306,Different flasks consumed,Количество различных выпитых настоев
1307,Upper Blackrock Spire,Верхняя часть Черной горы
1308,Strand of the Ancients Victory,Победа на Береге Древних
1309,Strand of the Ancients Veteran,Ветеран Берега Древних
1310,Storm the Beach,Шторм на пляже
1311,Medium Rare,Весьма редкий
1312,Bloody Rare,Чертовски редкие
1336,Creature type killed the most,Тип чаще всего убиваемых существ
1337,Different creature types killed,Всего убито разных типов существ
1339,Mage portal taken most,Самый часто посещаемый портал
1356,I've Toured the Fjord,Покорение фьордов
1357,Fo' Grizzle My Shizzle,"Седые холмы, густые леса"
1358,Nothing Boring About Borean,Борьба в Борейщине
1359,Might of Dragonblight,Кости на Погосте
1361,Anub'Rekhan kills (Naxxramas 10 player),"Убийства Ануб'Рекана (Наксрамас, 10 игроков)"
1362,Grand Widow Faerlina kills (Naxxramas 10 player),"Убийства Великой вдовы Фарлины (Наксрамас, 10 игроков)"
1363,Maexxna kills (Naxxramas 10 player),"Убийства Мексны (Наксрамас, 10 игроков)"
1364,Patchwerk kills (Naxxramas 10 player),"Убийства Лоскутика (Наксрамас, 10 игроков)"
1365,Noth the Plaguebringer kills (Naxxramas 10 player),"Убийства Нота Чумного (Наксрамас, 10 игроков)"
1366,Gothik the Harvester kills (Naxxramas 10 player),"Убийства Готика Жнеца (Наксрамас, 10 игроков)"
1367,Patchwerk kills (Naxxramas 25 player),"Убийства Лоскутика (Наксрамас, 25 игроков)"
1368,Anub'Rekhan kills (Naxxramas 25 player),"Убийства Ануб'Рекана (Наксрамас, 25 игроков)"
1369,Heigan the Unclean kills (Naxxramas 10 player),"Убийства Хейгана Нечестивого (Наксрамас, 10 игроков)"
1370,Loatheb kills (Naxxramas 10 player),"Убийства Лотхиба (Наксрамас, 10 игроков)"
1371,Grobbulus kills (Naxxramas 10 player),"Убийства Гроббулуса (Наксрамас, 10 игроков)"
1372,Gluth kills (Naxxramas 10 player),"Убийства Глута (Наксрамас, 10 игроков)"
1373,Thaddius kills (Naxxramas 10 player),"Убийства Таддиуса (Наксрамас, 10 игроков)"
1374,Instructor Razuvious kills (Naxxramas 10 player),"Убийства Инструктора Разувия (Наксрамас, 10 игроков)"
1375,Four Horsemen kills (Naxxramas 10 player),"Убийства четырех всадников (Наксрамас, 10 игроков)"
1376,Sapphiron kills (Naxxramas 10 player),"Убийства Сапфирона (Наксрамас, 10 игроков)"
1377,Kel'Thuzad kills (Naxxramas 10 player),"Убийства Кел'Тузада (Наксрамас, 10 игроков)"
1378,Gluth kills (Naxxramas 25 player),"Убийства Глута (Наксрамас, 25 игроков)"
1379,Gothik the Harvester kills (Naxxramas 25 player),"Убийства Готика Жнеца (Наксрамас, 25 игроков)"
1380,Grand Widow Faerlina kills (Naxxramas 25 player),"Убийства Великой вдовы Фарлины (Наксрамас, 25 игроков)"
1381,Grobbulus kills (Naxxramas 25 player),"Убийства Гроббулуса (Наксрамас, 25 игроков)"
1382,Heigan the Unclean kills (Naxxramas 25 player),"Убийства Хейгана Нечестивого (Наксрамас, 25 игроков)"
1383,Four Horsemen kills (Naxxramas 25 player),"Убийства четырех всадников (Наксрамас, 25 игроков)"
1384,Instructor Razuvious kills (Naxxramas 25 player),"Убийства Инструктора Разувия (Наксрамас, 25 игроков)"
1385,Loatheb kills (Naxxramas 25 player),"Убийства Лотхиба (Наксрамас, 25 игроков)"
1386,Maexxna kills (Naxxramas 25 player),"Убийства Мексны (Наксрамас, 25 игроков)"
1387,Noth the Plaguebringer kills (Naxxramas 25 player),"Убийства Нота Чумного (Наксрамас, 25 игроков)"
1388,Thaddius kills (Naxxramas 25 player),"Убийства Таддиуса (Наксрамас, 25 игроков)"
1389,Sapphiron kills (Naxxramas 25 player),"Убийства Сапфирона (Наксрамас, 25 игроков)"
1390,Kel'Thuzad kills (Naxxramas 25 player),"Убийства Кел'Тузада (Наксрамас, 25 игроков)"
1391,Malygos kills (10 player),Убийства Малигоса (10 игроков)
1392,Sartharion kills (Chamber of the Aspects 10 player),"Убийства Сартариона (Драконьи чертоги, 10 игроков)"
1393,Sartharion kills (Chamber of the Aspects 25 player),"Убийства Сартариона (Драконьи чертоги, 25 игроков)"
1394,Malygos kills (25 player),Убийства Малигоса (25 игроков)
1396,Elders of Northrend,Предки Нордскола
1400,Realm First! Magic Seeker,1-й на сервере! Искатель магии
1402,Realm First! Conqueror of Naxxramas,1-й на сервере! Завоеватель Наксрамаса
1404,Realm First! Level 80 Gnome,1-й на сервере! Гном 80-го уровня
1405,Realm First! Level 80 Blood Elf,1-й на сервере! Эльф крови 80 уровня
1406,Realm First! Level 80 Draenei,1-й на сервере! Дреней 80-го уровня
1407,Realm First! Level 80 Dwarf,1-й на сервере! Дворф 80-го уровня
1408,Realm First! Level 80 Human,1-й на сервере! Человек 80-го уровня
1409,Realm First! Level 80 Night Elf,1-й на сервере! Ночной эльф 80 уровня
1410,Realm First! Level 80 Orc,1-й на сервере! Орк 80-го уровня
1411,Realm First! Level 80 Tauren,1-й на сервере! Таурен 80-го уровня
1412,Realm First! Level 80 Troll,1-й на сервере! Тролль 80-го уровня
1413,Realm First! Level 80 Forsaken,1-й на сервере! Отрекшийся 80 уровня
1414,Realm First! Grand Master Blacksmith,1-й на сервере! Великий мастер кузнечного дела
1415,Realm First! Grand Master Alchemist,1-й на сервере! Великий мастер алхимии
1416,Realm First! Grand Master Cook,1-й на сервере! Великий мастер кулинарии
1417,Realm First! Grand Master Enchanter,1-й на сервере! Великий мастер наложения чар
1418,Realm First! Grand Master Engineer,1-й на сервере! Великий мастер инженерного дела
1419,Realm First! Grand Master Medic,1-й на сервере! Великий мастер оказания первой помощи
1420,Realm First! Grand Master Angler,1-й на сервере! Великий мастер рыбалки
1421,Realm First! Grand Master Herbalist,1-й на сервере! Великий мастер травничества
1422,Realm First! Grand Master Scribe,1-й на сервере! Великий мастер начертания
1423,Realm First! Grand Master Jewelcrafter,1-й на сервере! Великий мастер ювелирного дела
1424,Realm First! Grand Master Leatherworker,1-й на сервере! Великий мастер кожевничества
1425,Realm First! Grand Master Miner,1-й на сервере! Великий мастер горного дела
1426,Realm First! Grand Master Skinner,1-й на сервере! Великий мастер снятия шкур
1427,Realm First! Grand Master Tailor,1-й на сервере! Великий мастер портняжного дела
1428,Mine Sweeper,Сапер
1436,Friends In High Places,Дружба превыше всего
1456,Fish and other things caught,Количество выловленной рыбы и других вещей
1457,Explore Crystalsong Forest,Лес Хрустальной Песни
1458,Continent with the most Honorable Kills,Больше всего почетных побед на континенте
1462,Badges of Justice acquired,Получено знаков справедливости
1463,Realm First! Northrend Vanguard,1-й на сервере! Авангард Нордскола
1464,Emblems of Heroism acquired,Получено эмблем героизма
1465,Emblems of Valor acquired,Получено эмблем доблести
1466,Most Alliance factions at Exalted,"Наибольшее количество фракций Альянса, которые вас превозносят"
1467,Lich King 5-player bosses defeated,Убийства боссов в подземельях Lich King (5 игроков)
1485,Lich King 5-player different bosses defeated,Кол-во разных убитых боссов Lich King (5 игроков)
1486,Strand of the Ancients Honorable Kills,Почетных побед на Береге Древних
1487,Total Killing Blows,Смертельные удары
1489,Continent with the most Killing Blows,Больше всего смертельных ударов на континенте
1492,2v2 Arena Killing Blows,Смертельные удары на арене в команде 2 на 2
1493,3v3 Arena Killing Blows,Смертельные удары на арене в команде 3 на 3
1494,5v5 Arena Killing Blows,Смертельные удары на арене 5 на 5
1495,Alterac Valley Killing Blows,Смертельные удары в Альтеракской долине
1496,Arathi Basin Killing Blows,Смертельные удары в Низине Арати
1497,Warsong Gulch Killing Blows,Смертельные удары в Ущелье Песни Войны
1498,Eye of the Storm Killing Blows,Смертельные удары на Оке Бури
1499,Strand of the Ancients Killing Blows,Смертельные удары на Береге Древних
1500,Deaths in Strand of the Ancients,Смерти на Береге Древних
1501,Total deaths from other players,Общее кол-во смертей от других игроков
1502,Quick Cap,Быстрый захват
1504,Ingvar the Plunderer kills (Heroic Utgarde Keep),"Убийства Ингвара Расхитителя (Утгард, героич.)"
1505,Keristrasza kills (Heroic Nexus),"Убийства Керистразы (Нексус, героич.)"
1506,Anub'arak kills (Heroic Azjol-Nerub),"Убийства Ануб'арака (Азжол-Неруб, героич.)"
1507,Herald Volazj kills (Heroic Ahn'kahet),"Убийства глашатая Волажа (Ан'кахет, героич.)"
1508,The Prophet Tharon'ja kills (Heroic Drak'Tharon Keep),"Убийства Пророка Тарон'джа (Крепость Драк'Тарон, героич.)"
1509,Cyanigosa kills (Heroic Violet Hold),"Убийства Синигосы (Аметистовая крепость, героич.)"
1510,Gal'darah kills (Heroic Gundrak),"Убийства Гал'дара (Гундрак, героич.)"
1511,Sjonnir the Ironshaper kills (Heroic Halls of Stone),"Убийства Сьоннира Литейщика (Чертоги Камня, героич.)"
1512,Loken kills (Heroic Halls of Lightning),"Убийства Локена (Чертоги Молний, героич.)"
1513,Ley-Guardian Eregos kills (Heroic Oculus),"Убийства хранителя энергии Эрегоса (Окулус, героич.)"
1514,King Ymiron kills (Heroic Utgarde Pinnacle),"Убийства Короля Имирона (Вершина Утгард, героич.)"
1515,Mal'Ganis defeated (Heroic CoT: Stratholme),"Убийства Мал'Ганиса (ПВ: Стратхольм, героич.)"
1516,Accomplished Angler,Непревзойденный рыболов
1517,Northrend Angler,Нордскольский рыболов
1518,Fish caught,Поймано рыб
1519,Fishing skill,Навык рыбной ловли
1524,Cooking skill,Уровень навыка кулинарии
1525,Cooking daily quests completed,Выполнено ежедневных кулинарных заданий
1526,Fishing daily quests completed,Выполнено ежедневных рыболовных заданий
1527,Highest Alchemy skill,Наивысший уровень навыка в алхимии
1532,Highest Blacksmithing skill,Наивысший уровень навыка в кузнечном деле
1535,Highest Enchanting skill,Наивысший уровень навыка в наложении чар
1536,Highest Leatherworking skill,Наивысший уровень навыка в кожевничестве
1537,Highest Mining skill,Наивысший уровень навыка в горном деле
1538,Highest Herbalism skill,Наивысший уровень навыка в травничестве
1539,Highest Inscription skill,Наивысший уровень навыка в начертании
1540,Highest Jewelcrafting skill,Наивысший уровень навыка в ювелирном деле
1541,Highest Skinning skill,Наивысший уровень навыка в снятии шкур
1542,Highest Tailoring skill,Наивысший уровень навыка в портняжном деле
1544,Highest Engineering skill,Наивысший уровень навыка в инженерном деле
1549,Strand of the Ancients battles,Сражения на Береге Древних
1550,Strand of the Ancients victories,Победы на Береге Древних
1552,Frenzied Firecracker,Зажигательное настроение
1556,25 Fish,25 рыбок
1557,50 Fish,50 рыбок
1558,100 Fish,100 рыбок
1559,250 Fish,250 рыбок
1560,500 Fish,500 рыбок
1561,1000 Fish,1000 рыбок
1563,Hail to the Chef,Слава повару!
1576,Of Blood and Anguish,Кровь и Страдания
1596,Guru of Drakuru,Гуру Дракуру
1636,Competitor's Tabard,Гербовая накидка участника соревнований
1637,Spirit of Competition,Дух соперничества
1638,Skyshattered,Небокрушитель
1656,Hallowed Be Thy Name,Да тыквится имя твое
1658,Champion of the Frozen Wastes,Защитник Ледяных Пустошей
1676,Loremaster of Eastern Kingdoms,Хранитель мудрости Восточных королевств
1678,Loremaster of Kalimdor,Хранитель мудрости Калимдора
1683,Brewmaster,Хмелевар
1685,Bros. Before Ho Ho Ho's,Братское приветствие
1686,Bros. Before Ho Ho Ho's,Братское приветствие
1687,Let It Snow,Пусть сильнее грянет вьюга!
1688,The Winter Veil Gourmet,Зимние угощения
1689,He Knows If You've Been Naughty,Подарки только послушным детишкам!
1690,A Frosty Shake,Зажигательные танцы
1691,Merrymaker,Весельчак
1693,Fool For Love,Безумие любви
1694,Lovely Luck Is On Your Side,Тебе повезет в любви
1695,Dangerous Love,Опасная любовь
1696,The Rocket's Pink Glare,Розовые отблески фейерверков
1697,Nation of Adoration,Всенародная любовь
1698,Nation of Adoration,Всенародная любовь
1699,Fistful of Love,Пригоршня любви
1700,Perma-Peddle,Мелкошустр навсегда!
1701,Be Mine!,Будь со мной!
1702,Sweet Tooth,Сластена
1703,My Love is Like a Red,Моя любовь подобна алой розе
1704,I Pitied The Fool,Пожалей влюбленного
1705,Clockwork Rocket Bot,Заводной ракетобот
1706,Crashin' Thrashin' Racer,Болид Бей-Молоти
1716,Battleground with the most Killing Blows,Больше всего смертельных ударов на поле боя
1717,Wintergrasp Victory,Победа на Озере Ледяных Оков
1718,Wintergrasp Veteran,Ветеран Озера Ледяных Оков
1719,Battleground with the most Honorable Kills,Больше всего почетных побед на поле боя
1721,Archavon the Stone Watcher (25 player),Аркавон Страж Камня (25 игроков)
1722,Archavon the Stone Watcher (10 player),Аркавон Страж Камня (10 игроков)
1723,Vehicular Gnomeslaughter,Передвижная гномобойня
1727,Leaning Tower,Падающая башня
1737,Destruction Derby,Гонки на выживание
1751,Didn't Stand a Chance,Ни единого шанса
1752,Master of Wintergrasp,Повелитель Озера Ледяных Оков
1753,Archavon the Stone Watcher kills (Wintergrasp 10 player),"Убийства Аркавона Стража Камня (Озеро Ледяных Оков, 10 игроков)"
1754,Archavon the Stone Watcher kills (Wintergrasp 25 player),"Убийства Аркавона Стража Камня (Озеро Ледяных Оков, 25 игроков)"
1755,Within Our Grasp,В пределах досягаемости
1756,Lich King 25-player bosses defeated,Убито боссов в рейдах Lich King (25 игроков)
1757,Defense of the Ancients,Защита Древних
1759,Lich King 25-player different bosses defeated,Убито разл. боссов Lich King (25 игроков)
1760,Lich King 25-player boss defeated the most,Самый часто убиваемый босс Lich King (25 игроков)
1761,The Dapper Sapper,Умелый сапер
1762,Not Even a Scratch,Ни царапины
1763,Artillery Veteran,Ветеран артиллерии
1764,Drop It!,Бросай!
1765,Steady Hands,Твердая рука
1766,Ancient Protector,Заступник Древних
1768,Lich King 25-player raids completed (final boss defeated),Пройденные подземелья Lich King (25 игроков)
1770,Lich King 10-player bosses defeated,Убито боссов в рейдах Lich King (10 игроков)
1771,Lich King 10-player different bosses defeated,Убито разл. боссов в рейдах Lich King (10 игроков)
1772,Lich King 10-player boss defeated the most,Самые часто убиваемые боссы Lich King (10 игроков)
1773,Beverage consumed most,Самый часто употребляемый напиток
1774,Different beverages consumed,Количество различных выпитых напитков
1775,Different foods eaten,Количество различных съеденных блюд
1776,Food eaten most,Наиболее часто употребляемая еда
1777,The Northrend Gourmet,Нордскольский гурман
1778,The Northrend Gourmet,Нордскольский гурман
1779,The Northrend Gourmet,Нордскольский гурман
1780,Second That Emotion,Чувство горечи
1781,Critter Gitter,Повелитель зверей
1782,Our Daily Bread,Хлеб насущный
1783,Our Daily Bread,Хлеб насущный
1785,Dinner Impossible,Ужин вам не нужен
1786,School of Hard Knocks,Школа выживания
1788,Bad Example,Дурной пример
1789,Daily Chores,Ежедневные обязанности
1790,Hail To The King,Да здравствует король!
1791,Home Alone,Один дома
1792,Aw,Какая лапочка!
1793,For the Children,Все лучшее – детям
1795,Lunch Lady,Буфетчик
1796,Short Order Cook,Мастер закусок
1797,Chef de Partie,Искусный кулинар
1798,Sous Chef,Старший повар
1799,Chef de Cuisine,Мэтр кулинарного дела
1800,The Outland Gourmet,Запредельный гурман
1801,Captain Rumsey's Lager,Светлое пиво капитана Ромси
1816,Defenseless,Беззащитность
1817,The Culling of Time,Времени в обрез
1832,Tastes Like Chicken,По вкусу – как курица
1833,It's Happy Hour Somewhere,Счастливые часы
1834,Lightning Struck,Удар молнии
1836,Old Crafty,Старый Хитрюга
1837,Old Ironjaw,Старый Сталезуб
1856,Make Quick Werk of Him (10 player),Порежем на лоскутики (10 игроков)
1857,Make Quick Werk of Him (25 player),Порезать на лоскутики (25 игроков)
1858,Arachnophobia (10 player),Арахнофобия (10 игроков)
1859,Arachnophobia (25 player),Арахнофобия (25 игроков)
1860,Gotta Go!,Вперед!
1862,Volazj's Quick Demise,Скорая расправа над Волажем
1864,What the Eck?,Эка невидаль!
1865,Lockdown!,Изоляция!
1866,Good Grief,Сладкая скорбь
1867,Timely Death,Считанные минуты
1868,Make It Count,Вам всем зачтется
1869,A Poke in the Eye (10 player),Фингал под оком (10 игроков)
1870,A Poke in the Eye (25 player),Фингал под оком (25 игроков)
1871,Experienced Drake Rider,Опытный наездник на драконе
1872,Zombiefest!,День зомби!
1873,Lodi Dodi We Loves the Skadi,Мы все любим Скади
1874,You Don't Have an Eternity (10 player),И ты не вечен (10 игроков)
1875,You Don't Have an Eternity (25 player),И ты не вечен (25 игроков)
1876,Besting the Black Dragonflight (10 player),Победа над родом Черных драконов (10 игроков)
1877,Less Is More (25 player),Меньше – не значит хуже (25 игроков)
1919,On The Rocks,Подается со льдом
1936,Does Your Wolpertinger Linger?,Что лопают зайцелопы?
1956,Higher Learning,Ученье – свет!
1957,There's Gold In That There Fountain,Что это там на дне поблескивает?
1958,I Smell A Giant Rat,Пахнет крысками!
1976,Dalaran Cooking Awards gained,Получено даларанских кулинарных наград
1977,Dalaran Jewelcrafter's Tokens gained,Получено значков даларанского ювелира
1996,The Safety Dance (10 player),Бескровная победа (10 игроков)
1997,Momma Said Knock You Out (10 player),Мамочка велела наподдать тебе (10 игроков)
1998,Cooking Award,Даларанская кулинарная награда
1999,10 Cooking Awards,10 даларанских кулинарных наград
2000,25 Cooking Awards,25 даларанских кулинарных наград
2001,50 Cooking Awards,50 даларанских кулинарных наград
2002,100 Cooking Awards,100 даларанских кулинарных наград
2016,Grizzled Veteran,Убеленный сединами воин
2017,Grizzled Veteran,Убеленный сединами воин
2018,Timear Foresees,Предсказания Времиара
2019,Proof of Demise,Победный трофей
2036,Intense Cold,Лютый холод
2037,Chaos Theory,Теория хаоса
2038,Respect Your Elders,Уважение к старшим
2039,Better Off Dred,Дреду – вред
2040,Less-rabi,Мастодонты уже вымерли
2041,Dehydration,Обезвоживание
2042,Shatter Resistant,Неразбиваемый
2043,The Incredible Hulk,Повалить увальня
2044,Ruby Void,Рубиновая бездна
2045,Emerald Void,Изумрудная бездна
2046,Amber Void,Янтарная бездна
2047,Gonna Go When the Volcano Blows (10 player),Угроза извержения (10 игроков)
2048,Gonna Go When the Volcano Blows (25 player),Угроза извержения (25 игроков)
2049,Twilight Assist (10 player),Сумеречные помощники (10 игроков)
2050,Twilight Duo (10 player),Сумеречный дуэт (10 игроков)
2051,The Twilight Zone (10 player),Зона сумерек (10 игроков)
2052,Twilight Assist (25 player),Сумеречные помощники (25 игроков)
2053,Twilight Duo (25 player),Сумеречный дуэт (25 игроков)
2054,The Twilight Zone (25 player),Зона сумерек (25 игроков)
2056,Volunteer Work,Работа для добровольцев
2057,Oh Novos!,Снова Новос!
2058,Snakes. Why'd It Have To Be Snakes?,Змеи! Ну почему змеи?
2076,Armored Brown Bear,Бронированный бурый медведь
2077,Wooly Mammoth,Шерстистый мамонт
2078,Traveler's Tundra Mammoth,Тундровый мамонт путешественника
2079,Tabard of the Protector,Гербовая накидка Защитника
2080,Black War Mammoth,Черный боевой мамонт
2081,Grand Black War Mammoth,Большой черный боевой мамонт
2082,Ice Mammoth,Ледяной мамонт
2083,Grand Ice Mammoth,Большой ледяной мамонт
2084,Ring of the Kirin Tor,Кольцо Кирин-Тора
2085,50 Stone Keeper's Shards,50 осколков каменного хранителя
2086,100 Stone Keeper's Shards,100 осколков каменного хранителя
2087,250 Stone Keeper's Shards,250 осколков каменного хранителя
2088,500 Stone Keeper's Shards,500 осколков каменного хранителя
2089,1000 Stone Keeper's Shards,1000 осколков каменного хранителя
2090,Challenger,Претендент
2091,Gladiator,Гладиатор
2092,Duelist,Дуэлянт
2093,Rival,Фаворит
2094,A Penny For Your Thoughts,Орел или решка?
2095,Silver in the City,Серебро в фонтане
2096,The Coin Master,Ловец монеток
2097,Get to the Choppa!,"Это не мотоцикл, детка"
2116,Tabard of the Argent Dawn,Гербовая накидка Серебряного Рассвета
2136,Glory of the Hero,Слава герою
2137,Glory of the Raider (10 player),Слава рейдеру (10 игроков)
2138,Glory of the Raider (25 player),Слава рейдеру (25 игроков)
2139,The Safety Dance (25 player),Бескровная победа (25 игроков)
2140,Momma Said Knock You Out (25 player),Мамочка велела наподдать тебе (25 игроков)
2141,Stable Keeper,Конюшенный
2142,Filling Up The Barn,Пополняя конюшню
2143,Leading the Cavalry,Командир кавалерии
2144,What a Long,Долгое и странное путешествие
2146,The Hundred Club (10 player),Клуб ста (10 игроков)
2147,The Hundred Club (25 player),Клуб ста (25 игроков)
2148,Denyin' the Scion (10 player),В назидание потомкам (10 игроков)
2149,Denyin' the Scion (25 player),В назидание потомкам (25 игроков)
2150,Split Personality,Размножение личности
2151,Consumption Junction,Ограниченное поглощение
2152,Share The Love,Раздели любовь
2153,A Void Dance,Танец пустоты
2154,Brann Spankin' New,Поле Бранни
2155,Abuse the Ooze,Повелитель слизнюков
2156,My Girl Loves to Skadi All the Time,Ради Скади
2157,King's Bane,Проклятие короля
2176,And They Would All Go Down Together (10 player),"И все они падут, как один (10 игроков)"
2177,And They Would All Go Down Together (25 player),"И все они падут, как один (25 игроков)"
2178,Shocking! (10 player),Электрический шок! (10 игроков)
2179,Shocking! (25 player),Электрический шок! (25 игроков)
2180,Subtraction (10 player),Игра на выбывание (10 игроков)
2181,Subtraction (25 player),Игра на выбывание (25 игроков)
2182,Spore Loser (10 player),Сеятель спор (10 игроков)
2183,Spore Loser (25 player),Сеятель спор (25 игроков)
2184,Just Can't Get Enough (10 player),И целого мира мало (10 игроков)
2185,Just Can't Get Enough (25 player),И целого мира мало (25 игроков)
2186,The Immortal,Бессмертный
2187,The Undying,Неумирающий
2188,Leeeeeeeeeeeeeroy!,Лиииииироооооой!
2189,Artillery Expert,Эксперт по артиллерии
2190,Drop It Now!,Бросай сейчас же!
2191,Ancient Courtyard Protector,Заступник Внутреннего двора Древних
2192,Not Even a Scratch,Ни царапины
2193,Explosives Expert,Эксперт по взрывчатым веществам
2194,Master of Strand of the Ancients,Повелитель Берега Древних
2199,Wintergrasp Ranger,Следопыт Озера Ледяных Оков
2200,Defense of the Ancients,Защита Древних
2219,Total deaths in 5-player Heroic dungeons,Смерти в подземельях для 5 ч. в героическом режиме
2256,Northern Exposure,Освоение Севера
2257,Frostbitten,Обморожение
2277,Summons accepted,Принято призывов
2316,Brutal Nether Drake,Жестокий дракон Пустоты
2336,Insane in the Membrane,Чокнутый
2357,Dreadsteed of Xoroth,Зоротианский конь погибели
2358,Charger,Скакун
2359,Swift Flight Form,Облик стремительной птицы
2396,Battleground played the most,"Поле боя, на котором вы были чаще всего"
2397,Battleground won the most,"Поле боя, на котором вы одержали больше всего побед"
2398,WoW's 4th Anniversary,4-я годовщина World of Warcraft
2416,Hard Boiled,Сварено вкрутую
2417,Chocolate Lover,Любитель шоколада
2418,Chocoholic,Шокоголик
2419,Spring Fling,Весеннее обострение
2420,Noble Garden,Сад чудес
2421,Noble Garden,Сад чудес
2422,Shake Your Bunny-Maker,Под сенью кроличьего уха
2436,Desert Rose,Роза пустыни
2456,Vampire Hunter,Охотник на вампиров
2476,Destruction Derby,Гонки на выживание
2496,The Fifth Element,Пятый элемент
2497,Spring Fling,Весеннее обострение
2516,Lil' Game Hunter,Охотник на мелкую дичь
2536,Mountain o' Mounts,"Не имей 100 рублей, а имей 100 коней"
2537,Mountain o' Mounts,"Не имей 100 рублей, а имей 100 коней"
2556,Pest Control,Борьба с вредителями
2557,To All The Squirrels Who Shared My Life,"Всем белочкам, которые разделили мою долю"
2576,Blushing Bride,Зардевшаяся невеста
2596,Mr. Bigglesworth kills,Убийств мистера Бигглсуорта
2676,I Found One!,Вот оно!
2716,Dual Talent Specialization,Двойная специализация
2756,Argent Aspiration,Серебряная устремленность
2758,Argent Valor,Серебряная слава
2760,Exalted Champion of Darnassus,Превозносимый чемпион Дарнаса
2761,Exalted Champion of the Exodar,Превозносимый чемпион Экзодара
2762,Exalted Champion of Gnomeregan,Превозносимый чемпион Гномрегана
2763,Exalted Champion of Ironforge,Превозносимый чемпион Стальгорна
2764,Exalted Champion of Stormwind,Превозносимый чемпион Штормграда
2765,Exalted Champion of Orgrimmar,Превозносимый чемпион Оргриммара
2766,Exalted Champion of Sen'jin,Превозносимый чемпион Сен'джина
2767,Exalted Champion of Silvermoon City,Превозносимый чемпион Луносвета
2768,Exalted Champion of Thunder Bluff,Превозносимый чемпион Громового Утеса
2769,Exalted Champion of the Undercity,Превозносимый чемпион Подгорода
2770,Exalted Champion of the Alliance,Превозносимый чемпион Альянса
2771,Exalted Champion of the Horde,Превозносимый чемпион Орды
2772,Tilted!,На колени перед победителем!
2773,It's Just a Flesh Wound,Просто царапина
2777,Champion of Darnassus,Чемпион Дарнаса
2778,Champion of the Exodar,Чемпион Экзодара
2779,Champion of Gnomeregan,Чемпион Гномрегана
2780,Champion of Ironforge,Чемпион Стальгорна
2781,Champion of Stormwind,Чемпион Штормграда
2782,Champion of the Alliance,Чемпион Альянса
2783,Champion of Orgrimmar,Чемпион Оргриммара
2784,Champion of Sen'jin,Чемпион Сен'джина
2785,Champion of Silvermoon City,Чемпион Луносвета
2786,Champion of Thunder Bluff,Чемпион Громового Утеса
2787,Champion of the Undercity,Чемпион Подгорода
2788,Champion of the Horde,Чемпион Орды
2796,Brew of the Month,"""Пиво месяца"""
2798,Noble Gardener,Чудесный садовник
2816,Exalted Argent Champion of the Horde,Превозносимый чемпион Орды
2817,Exalted Argent Champion of the Alliance,Превозносимый чемпион Альянса
2836,Lance a Lot,Копьемечтатель
2856,Flame Leviathan kills (Ulduar 10 player),"Убийства Огненного Левиафана (Ульдуар, 10 игроков)"
2857,Razorscale kills (Ulduar 10 player),"Убийства Острокрылой (Ульдуар, 10 игроков)"
2858,Ignis the Furnace Master kills (Ulduar 10 player),"Убийства Повелителя Горнов Игниса (Ульдуар, 10 игроков)"
2859,XT-002 Deconstructor kills (Ulduar 10 player),"Убийства Разрушителя XT-002 (Ульдуар, 10 игроков)"
2860,Assembly of Iron kills (Ulduar 10 player),"Победы над Железным Собранием (Ульдуар, 10 игроков)"
2861,Kologarn kills (Ulduar 10 player),"Убийства Кологарна (Ульдуар, 10 игроков)"
2862,Hodir victories (Ulduar 10 player),"Победы над Ходиром (Ульдуар, 10 игроков)"
2863,Thorim victories (Ulduar 10 player),"Победы над Торимом (Ульдуар, 10 игроков)"
2864,Freya victories (Ulduar 10 player),"Победы над Фрейей (Ульдуар, 10 игроков)"
2865,Mimiron victories (Ulduar 10 player),"Победы над Мимироном (Ульдуар, 10 игроков)"
2866,General Vezax kills (Ulduar 10 player),"Убийства генерала Везакса (Ульдуар, 10 игроков)"
2867,Algalon the Observer kills (Ulduar 10 player),"Убийства Алгалона Наблюдателя (Ульдуар, 10 игроков)"
2868,Auriaya kills (Ulduar 10 player),"Убийства Ауриайи (Ульдуар, 10 игроков)"
2869,Yogg-Saron kills (Ulduar 10 player),"Убийства Йогг-Сарона (Ульдуар, 10 игроков)"
2870,Emalon the Storm Watcher kills (Wintergrasp 10 player),"Убийства Эмалона Стража Бури (Озеро Ледяных Оков, 10 игроков)"
2872,Flame Leviathan kills (Ulduar 25 player),"Убийства Огненного Левиафана (Ульдуар, 25 игроков)"
2873,Razorscale kills (Ulduar 25 player),"Убийства Острокрылой (Ульдуар, 25 игроков)"
2874,Ignis the Furnace Master kills (Ulduar 25 player),"Убийства Повелителя Горнов Игниса (Ульдуар, 25 игроков)"
2875,Kologarn kills (Ulduar 25 player),"Убийства Кологарна (Ульдуар, 25 игроков)"
2879,Mimiron victories (Ulduar 25 player),"Победы над Мимироном (Ульдуар, 25 игроков)"
2880,General Vezax kills (Ulduar 25 player),"Убийства генерала Везакса (Ульдуар, 25 игроков)"
2881,Algalon the Observer kills (Ulduar 25 player),"Убийства Алгалона Наблюдателя (Ульдуар, 25 игроков)"
2882,Auriaya kills (Ulduar 25 player),"Убийства Ауриайи (Ульдуар, 25 игроков)"
2883,Yogg-Saron kills (Ulduar 25 player),"Убийства Йогг-Сарона (Ульдуар, 25 игроков)"
2884,XT-002 Deconstructor kills (Ulduar 25 player),"Убийства Разрушителя XT-002 (Ульдуар, 25 игроков)"
2885,Assembly of Iron kills (Ulduar 25 player),"Победы над Железным Собранием (Ульдуар, 25 игроков)"
2886,The Siege of Ulduar (10 player),Осада Ульдуара (10 игроков)
2887,The Siege of Ulduar (25 player),Осада Ульдуара (25 игроков)
2888,The Antechamber of Ulduar (10 player),Вестибюль Ульдуара (10 игроков)
2889,The Antechamber of Ulduar (25 player),Вестибюль Ульдуара (25 игроков)
2890,The Keepers of Ulduar (10 player),Хранители Ульдуара (10 игроков)
2891,The Keepers of Ulduar (25 player),Хранители Ульдуара (25 игроков)
2892,The Descent into Madness (10 player),Провал Безумия (10 игроков)
2893,The Descent into Madness (25 player),Провал Безумия (25 игроков)
2894,The Secrets of Ulduar (10 player),Тайны Ульдуара (10 игроков)
2895,The Secrets of Ulduar (25 player),Тайны Ульдуара (25 игроков)
2903,Champion of Ulduar,Защитник Ульдуара
2904,Conqueror of Ulduar,Завоеватель Ульдуара
2905,Unbroken (10 player),Без поломок (10 игроков)
2906,Unbroken (25 player),Без поломок (25 игроков)
2907,Three Car Garage (10 player),Гараж на три машины (10 игроков)
2908,Three Car Garage (25 player),Гараж на три машины (25 игроков)
2909,Take Out Those Turrets (10 player),Уничтожитель пушек (10 игроков)
2910,Take Out Those Turrets (25 player),Уничтожитель пушек (25 игроков)
2911,Shutout (10 player),Остановка (10 игроков)
2912,Shutout (25 player),Остановка (25 игроков)
2913,Orbital Bombardment (10 player),Орбитальная бомбардировка (10 игроков)
2914,Orbital Devastation (10 player),Орбитальное опустошение (10 игроков)
2915,Nuked from Orbit (10 player),Орбитальная зачистка (10 игроков)
2916,Orbital Devastation (25 player),Орбитальное опустошение (25 игроков)
2917,Nuked from Orbit (25 player),Орбитальная зачистка (25 игроков)
2918,Orbital Bombardment (25 player),Орбитальная бомбардировка (25 игроков)
2919,A Quick Shave (10 player),Подрезать крылышки (10 игроков)
2921,A Quick Shave (25 player),Подрезать крылышки (25 игроков)
2923,Iron Dwarf,Железные дворфы средней прожарки (10 игроков)
2924,Iron Dwarf,Железные дворфы средней прожарки (25 игроков)
2925,Shattered (10 player),Раскалыватель (10 игроков)
2926,Shattered (25 player),Раскалыватель (25 игроков)
2927,Hot Pocket (10 player),Некоторые любят погорячее (10 игроков)
2928,Hot Pocket (25 player),Некоторые любят погорячее (25 игроков)
2929,Stokin' the Furnace (25 player),Растопить печку (25 игроков)
2930,Stokin' the Furnace (10 player),Растопить печку (10 игроков)
2931,Nerf Engineering (10 player),"""Понерфите инженерию!"" (10 игроков)"
2932,Nerf Engineering (25 player),"""Понерфите инженерию!"" (25 игроков)"
2933,Nerf Scrapbots (10 player),"""Понерфите хламоботов!"" (10 игроков)"
2934,Nerf Gravity Bombs (10 player),"""Понерфите гравитационные бомбы!"" (10 игроков)"
2935,Nerf Scrapbots (25 player),"""Понерфите хламоботов!"" (25 игроков)"
2936,Nerf Gravity Bombs (25 player),"""Понерфите гравитационные бомбы!"" (25 игроков)"
2937,Must Deconstruct Faster (10 player),Быстрая разборка (10 игроков)
2938,Must Deconstruct Faster (25 player),Быстрая разборка (25 игроков)
2939,I Choose You,"Я выбираю тебя, Мастер рун Молгейм (10 игроков)"
2940,I Choose You,"Я выбираю тебя, Буревестник Брундир (10 игроков)"
2941,I Choose You,"Я выбираю тебя, Сталелом (10 игроков)"
2942,I Choose You,"Я выбираю тебя, Мастер рун Молгейм (25 игроков)"
2943,I Choose You,"Я выбираю тебя, Буревестник Брундир (25 игроков)"
2944,I Choose You,"Я выбираю тебя, Сталелом (25 игроков)"
2945,But I'm On Your Side (10 player),Я на твоей стороне (10 игроков)
2946,But I'm On Your Side (25 player),Я на твоей стороне (25 игроков)
2947,Can't Do That While Stunned (10 player),Вы оглушены и не можете этого сделать… (10 игроков)
2948,Can't Do That While Stunned (25 player),Вы оглушены и не можете этого сделать… (25 игроков)
2951,With Open Arms (10 player),С распростертыми объятьями (10 игроков)
2952,With Open Arms (25 player),С распростертыми объятьями (25 игроков)
2953,Disarmed (10 player),Обезоружен (10 игроков)
2954,Disarmed (25 player),Обезоружен (25 игроков)
2955,If Looks Could Kill (10 player),Если бы взглядом можно было убить… (10 игроков)
2956,If Looks Could Kill (25 player),Если бы взглядом можно было убить… (25 игроков)
2957,Glory of the Ulduar Raider (10 player),Слава рейдеру Ульдуара (10 игроков)
2958,Glory of the Ulduar Raider (25 player),Слава рейдеру Ульдуара (25 игроков)
2959,Rubble and Roll (10 player),Перекати-обломок (10 игроков)
2960,Rubble and Roll (25 player),Перекати-обломок (25 игроков)
2961,Cheese the Freeze (10 player),"Ой, мороз, мороз (10 игроков)"
2962,Cheese the Freeze (25 player),"Ой, мороз, мороз (25 игроков)"
2963,I Have the Coolest Friends (10 player),"Не в службу, а в дружбу (10 игроков)"
2965,I Have the Coolest Friends (25 player),"Не в службу, а в дружбу (25 игроков)"
2967,Getting Cold in Here (10 player),Похолодание (10 игроков)
2968,Getting Cold in Here (25 player),Похолодание (25 игроков)
2969,Staying Buffed All Winter (10 player),Противодействие зиме (10 игроков)
2970,Staying Buffed All Winter (25 player),Противодействие зиме (25 игроков)
2971,Don't Stand in the Lightning (10 player),Не стой под молнией (10 игроков)
2972,Don't Stand in the Lightning (25 player),Не стой под молнией (25 игроков)
2973,I'll Take You All On (10 player),Вам всем конец (10 игроков)
2974,I'll Take You All On (25 player),Вам всем конец (25 игроков)
2975,Who Needs Bloodlust? (10 player),Кому нужна кровожадность? (10 игроков)
2976,Who Needs Bloodlust? (25 player),Кому нужна кровожадность? (25 игроков)
2977,Siffed (10 player),Сиф-он (10 игроков)
2978,Siffed (25 player),Сиф-он (25 игроков)
2979,Lumberjacked (10 player),Дровосек (10 игроков)
2980,Con-speed-atory (10 player),Оранж-жор-рея (10 игроков)
2981,Con-speed-atory (25 player),Оранж-жор-рея (25 игроков)
2982,Getting Back to Nature (10 player),Природный источник (10 игроков)
2983,Getting Back to Nature (25 player),Природный источник (25 игроков)
2984,Deforestation (25 player),Вырубка (25 игроков)
2985,Deforestation (10 player),Вырубка (10 игроков)
2989,Set Up Us the Bomb (10 player),Надмозг атакует (10 игроков)
2995,Not-So-Friendly Fire (25 player),Не такой уж и дружеский огонь (25 игроков)
2996,Shadowdodger (10 player),Тенефобия (10 игроков)
2997,Shadowdodger (25 player),Тенефобия (25 игроков)
3002,Supermassive (25 player),Критическая масса (25 игроков)
3003,Supermassive (10 player),Критическая масса (10 игроков)
3004,He Feeds On Your Tears (10 player),Он умоется твоими слезами (10 игроков)
3005,He Feeds On Your Tears (25 player),Он умоется твоими слезами (25 игроков)
3006,Crazy Cat Lady (10 player),Безумная кошатница (10 игроков)
3007,Crazy Cat Lady (25 player),Безумная кошатница (25 игроков)
3008,Drive Me Crazy (10 player),Сведи меня с ума (10 игроков)
3009,Kiss and Make Up (10 player),Помиритесь и поцелуйтесь. (10 игроков)
3010,Drive Me Crazy (25 player),Сведи меня с ума (25 игроков)
3011,Kiss and Make Up (25 player),Помиритесь и поцелуйтесь (25 игроков)
3012,He's Not Getting Any Older (10 player),Древнее некуда (10 игроков)
3013,He's Not Getting Any Older (25 player),Древнее некуда (25 игроков)
3014,They're Coming Out of the Walls (10 player),Они появляются из стен (10 игроков)
3015,In His House He Waits Dreaming (10 player),Полуденные дремы (10 игроков)
3016,In His House He Waits Dreaming (25 player),Полуденные дремы (25 игроков)
3017,They're Coming Out of the Walls (25 player),Они появляются из стен (25 игроков)
3018,Emblems of Conquest acquired,Получено эмблем завоевания
3036,Observed (10 player),Под наблюдением (10 игроков)
3037,Observed (25 player),Под наблюдением (25 игроков)
3056,Orbit-uary (10 player),Орбитафия (10 игроков)
3057,Orbit-uary (25 player),Орбитафия (25 игроков)
3058,Heartbreaker (10 player),Сердцеед (10 игроков)
3059,Heartbreaker (25 player),Сердцеед (25 игроков)
3076,Nine Lives (10 player),Девять жизней (10 игроков)
3077,Nine Lives (25 player),Девять жизней (25 игроков)
3096,Deadly Gladiator's Frost Wyrm,Ледяной змей смертоносного гладиатора
3097,Dwarfageddon (10 player),Дворфагеддон (10 игроков)
3098,Dwarfageddon (25 player),Дворфагеддон (25 игроков)
3117,Realm First! Death's Demise,Впервые на сервере! Смерть повержена!
3118,Lumberjacked (25 player),Дровосек (25 игроков)
3136,Emalon the Storm Watcher (10 player),Эмалон Страж Бури (10 игроков)
3137,Emalon the Storm Watcher (25 player),Эмалон Страж Бури (25 игроков)
3138,Not-So-Friendly Fire (10 player),Не такой уж и дружеский огонь (10 игроков)
3141,Two Lights in the Darkness (10 player),Два огонька во мраке (10 игроков)
3142,Val'anyr,"Вал'анир, молот древних королей"
3157,Three Lights in the Darkness (10 player),Три огонька во мраке (10 игроков)
3158,One Light in the Darkness (10 player),Огонек во мраке (10 игроков)
3159,Alone in the Darkness (10 player),Один во мраке (10 игроков)
3161,Three Lights in the Darkness (25 player),Три огонька во мраке (25 игроков)
3162,Two Lights in the Darkness (25 player),Два огонька во мраке (25 игроков)
3163,One Light in the Darkness (25 player),Огонек во мраке (25 игроков)
3164,Alone in the Darkness (25 player),Один во мраке (25 игроков)
3176,Lose Your Illusion (10 player),Избавься от иллюзий (10 игроков)
3177,Knock on Wood (10 player),Постучи по дереву (10 игроков)
3178,Knock,Дважды постучи по дереву (10 игроков)
3179,Knock,Трижды постучи по дереву (10 игроков)
3180,Firefighter (10 player),Пожарный (10 игроков)
3181,I Love the Smell of Saronite in the Morning (10 player),Обожаю запах саронита по утрам (10 игроков)
3182,I Could Say That This Cache Was Rare (10 player),Бесценный склад (10 игроков)
3183,Lose Your Illusion (25 player),Избавься от иллюзий (25 игроков)
3184,I Could Say That This Cache Was Rare (25 player),Бесценный склад (25 игроков)
3185,Knock on Wood (25 player),Постучи по дереву (25 игроков)
3186,Knock,Дважды постучи по дереву (25 игроков)
3187,Knock,Трижды постучи по дереву (25 игроков)
3188,I Love the Smell of Saronite in the Morning (25 player),Обожаю запах саронита по утрам (25 игроков)
3189,Firefighter (25 player),Пожарный (25 игроков)
3217,Chasing Marcia,Марсианская рыбалка
3218,Turtles All the Way Down,"Покатай меня, большая черепаха!"
3236,Emalon the Storm Watcher kills (Wintergrasp 25 player),"Убийства Эмалона Стража Бури (Озеро Ледяных Оков, 25 игроков)"
3237,Set Up Us the Bomb (25 player),Надмозг атакует (25 игроков)
3256,Hodir victories (Ulduar 25 player),"Победы над Ходиром (Ульдуар, 25 игроков)"
3257,Thorim victories (Ulduar 25 player),"Победы над Торимом (Ульдуар, 25 игроков)"
3258,Freya victories (Ulduar 25 player),"Победы над Фрейей (Ульдуар, 25 игроков)"
3259,Realm First! Celestial Defender,Впервые на сервере! Небесный заступник!
3296,Cooking with Style,Готовим со смаком
3316,Herald of the Titans,Посланник титанов
3336,Deadly Gladiator,Смертоносный гладиатор
3356,Winterspring Frostsaber,Ледопард Зимних Ключей
3357,Venomhide Ravasaur,Ядошкурый равазавр
3436,Furious Gladiator,Гневный гладиатор
3456,Dead Man's Party,Вечеринка мертвецов
3457,The Captain's Booty,Сундук капитана
3478,Pilgrim,Странник
3496,A Brew-FAST Mount,"Утром дрожжи, вечером вожжи"
3536,The Marine Marine,Мурпех
3556,Pilgrim's Paunch,Сытость странника
3557,Pilgrim's Paunch,Сытость странника
3558,Sharing is Caring,Вся соль в хлебосольности
3559,Turkey Lurkey,Смертельная индейка
3576,Now We're Cookin',Вот это стряпня!
3577,Now We're Cookin',Вот это стряпня!
3578,The Turkinator,Индюшатор
3579,FOOD FIGHT!,Гастрономическая баталия
3580,Pilgrim's Peril,Вылазки странника
3581,Pilgrim's Peril,Вылазки странника
3582,Terokkar Turkey Time,Индейское нашествие на Тероккар
3596,Pilgrim's Progress,Подвиги странника
3597,Pilgrim's Progress,Подвиги странника
3618,Murkimus the Gladiator,Мурчалий Гладиатор
3636,Jade Tiger,Нефритовый тигр
3676,A Silver Confidant,Поверенный Серебряного союза
3677,The Sunreavers,Похитители Солнца
3736,Pony Up!,По поням!
3756,Furious Gladiator's Frost Wyrm,Ледяной змей гневного гладиатора
3757,Relentless Gladiator's Frost Wyrm,Ледяной змей неумолимого гладиатора
3758,Relentless Gladiator,Неумолимый гладиатор
3776,Isle of Conquest Victory,Победа на Острове Завоеваний
3777,Isle of Conquest Veteran,Ветеран Острова Завоеваний
3778,Trial of the Champion,Испытание чемпиона
3797,Upper Back Pain (10 player),Боль в спине (10 игроков)
3798,Resilience Will Fix It (10 player),Устойчивость решает! (10 игроков)
3799,Salt and Pepper (10 player),День и ночь (10 игроков)
3800,The Traitor King (10 player),Король-предатель (10 игроков)
3802,Argent Confessor,Исповедница Серебряного Авангарда
3803,The Faceroller,Однокнопочный
3804,I've Had Worse,Бывало и хуже
3808,A Tribute to Skill (10 player),Дань умению (10 игроков)
3809,A Tribute to Mad Skill (10 player),Дань искусству (10 игроков)
3810,A Tribute to Insanity (10 player),Дань безумству (10 игроков)
3812,Call of the Grand Crusade (25 player),Призыв великого крестоносца (25 игроков)
3813,Upper Back Pain (25 player),Боль в спине (25 игроков)
3815,Salt and Pepper (25 player),День и ночь (25 игроков)
3816,The Traitor King (25 player),Король-предатель (25 игроков)
3817,A Tribute to Skill (25 player),Дань умению (25 игроков)
3818,A Tribute to Mad Skill (25 player),Дань искусству (25 игроков)
3819,A Tribute to Insanity (25 player),Дань безумству (25 игроков)
3836,Koralon the Flame Watcher (10 player),Коралон Страж Огня (10 игроков)
3837,Koralon the Flame Watcher (25 player),Коралон Страж Огня (25 игроков)
3844,1000 Dungeon & Raid Emblems,1000 эмблем подземелий и рейдов
3845,Isle of Conquest All-Star,Легенда Острова Завоеваний
3846,Resource Glut,Избыток ресурсов
3847,Four Car Garage,Автопарк
3848,A-bomb-inable,Оглушительный сюрприз
3849,A-bomb-ination,Ошеломительный сюрприз
3850,Mowed Down,Мрачный урожай
3851,Mine,"Чур, мое!"
3852,Cut the Blue Wire... No the Red Wire!,"Синий режь! Нет, красный!"
3853,All Over the Isle,Кровавый остров
3854,Back Door Job,Тайная вылазка
3855,Glaive Grave,...От глефы и погибнет
3856,Demolition Derby,Гонка разрушений
3857,Master of Isle of Conquest,Хозяин Острова Завоеваний
3896,Onyx Panther,Ониксовая пантера
3916,Call of the Crusade (25 player),Призыв Авангарда (25 игроков)
3917,Call of the Crusade (10 player),Призыв Авангарда (10 игроков)
3918,Call of the Grand Crusade (10 player),Призыв великого крестоносца (10 игроков)
3936,Not One,Два йормунгара по цене одного (рейд для 10 игроков)
3937,Not One,Два йормунгара по цене одного (рейд для 25 игроков)
3957,Master of Isle of Conquest,Хозяин Острова Завоеваний
3996,Three Sixty Pain Spike (10 player),Болезненная процедура (10 игроков)
3997,Three Sixty Pain Spike (25 player),Болезненная процедура (25 игроков)
4016,Earth,"Земля, Ветер и Огонь (10 игроков)"
4017,Earth,"Земля, Ветер и Огонь (25 игроков)"
4018,Victories over Hunter Champion (Trial of the Champion),Победы над чемпионом-охотником (Испытание чемпиона)
4019,Victories over Hunter Champion (Heroic Trial of the Champion),"Победы над чемпионом-охотником (Испытание чемпиона, героич.)"
4022,Victories over Argent Confessor Paletress (Trial of the Champion),Победы над исповедницей Пейлтресс (Испытание чемпиона)
4023,Victories over Argent Confessor Paletress (Heroic Trial of the Champion),"Победы над исповедницей Пейлтресс (Испытание чемпиона, героич.)"
4024,Victories over Eadric the Pure (Trial of the Champion),Победы над Эдриком Чистым (Испытание чемпиона)
4025,Victories over Eadric the Pure (Heroic Trial of the Champion),"Победы над Эдриком Чистым (Испытание чемпиона, героич.)"
4026,The Black Knight kills (Trial of the Champion),Убийства Черного рыцаря (Испытание чемпиона)
4027,The Black Knight kills (Heroic Trial of the Champion),"Убийства Черного рыцаря (Испытание чемпиона, героич.)"
4028,Victories over the Beasts of Northrend (Trial of the Crusader 10 player),"Победы над чудовищами Нордскола (Испытание крестоносца, 10 игроков)"
4029,Victories over the Beasts of Northrend (Trial of the Grand Crusader 25 player),"Победы над чудовищами Нордскола (Испытание великого крестоносца, 25 игроков)"
4030,Victories over the Beasts of Northrend (Trial of the Grand Crusader 10 player),"Победы над чудовищами Нордскола (Испытание великого крестоносца, 10 игроков)"
4031,Victories over the Beasts of Northrend (Trial of the Crusader 25 player),"Победы над чудовищами Нордскола (Испытание крестоносца, 25 игроков)"
4032,Lord Jaraxxus kills (Trial of the Crusader 10 player),"Убийства лорда Джараксуса (Испытание крестоносца, 10 игроков)"
4033,Lord Jaraxxus kills (Trial of the Grand Crusader 10 player),"Убийства лорда Джараксуса (Испытание великого крестоносца, 10 игроков)"
4034,Lord Jaraxxus kills (Trial of the Crusader 25 player),"Убийства лорда Джараксуса (Испытание крестоносца, 25 игроков)"
4035,Lord Jaraxxus kills (Trial of the Grand Crusader 25 player),"Убийства лорда Джараксуса (Испытание великого крестоносца, 25 игроков)"
4036,Victories over the Faction Champions (Trial of the Crusader 10 player),"Победы над чемпионами фракций (Испытание крестоносца, 10 игроков)"
4037,Victories over the Faction Champions (Trial of the Grand Crusader 10 player),"Победы над чемпионами фракций (Испытание великого крестоносца, 10 игроков)"
4038,Victories over the Faction Champions (Trial of the Crusader 25 player),"Победы над чемпионами фракций (Испытание крестоносца, 25 игроков)"
4039,Victories over the Faction Champions (Trial of the Grand Crusader 25 player),"Победы над чемпионами фракций (Испытание великого крестоносца, 25 игроков)"
4040,Val'kyr Twins kills (Trial of the Crusader 10 player),"Убийства валь'кир-близнецов (Испытание крестоносца, 10 игроков)"
4041,Val'kyr Twins kills (Trial of the Grand Crusader 10 player),"Убийства валь'кир-близнецов (Испытание великого крестоносца, 10 игроков)"
4042,Val'kyr Twins kills (Trial of the Crusader 25 player),"Убийства валь'кир-близнецов (Испытание крестоносца, 25 игроков)"
4043,Val'kyr Twins kills (Trial of the Grand Crusader 25 player),"Убийства валь'кир-близнецов (Испытание великого крестоносца, 25 игр.)"
4044,Times completed the Trial of the Crusader (10 player),Испытаний крестоносца пройдено (10 игроков)
4045,Times completed the Trial of the Grand Crusader (10 player),Испытаний великого крестоносца пройдено (10 игроков)
4046,Times completed the Trial of the Crusader (25 player),Испытаний крестоносца пройдено (25 игроков)
4047,Times completed the Trial of the Grand Crusader (25 player),Испытаний великого крестоносца пройдено (25 игроков)
4048,Victories over Mage Champion (Trial of the Champion),Победы над чемпионом-магом (Испытание чемпиона)
4049,Victories over Mage Champion (Heroic Trial of the Champion),"Победы над чемпионом-магом (Испытание чемпиона, героич.)"
4050,Victories over Rogue Champion (Trial of the Champion),Победы над чемпионом-разбойником (Испытание чемпиона)
4051,Victories over Rogue Champion (Heroic Trial of the Champion),"Победы над чемпионом-разбойником (Испытание чемпиона, героич.)"
4052,Victories over Shaman Champion (Trial of the Champion),Победы над чемпионом-шаманом (Испытание чемпиона)
4053,Victories over Shaman Champion (Heroic Trial of the Champion),"Победы над чемпионом-шаманом (Испытание чемпиона, героич.)"
4054,Victories over Warrior Champion (Trial of the Champion),Победы над чемпионом-воином (Испытание чемпиона)
4055,Victories over Warrior Champion (Heroic Trial of the Champion),"Победы над чемпионом-воином (Испытание чемпиона, героич.)"
4074,Koralon the Flame Watcher kills (Wintergrasp 10 player),"Убийства Стража Огня (Озеро Ледяных Оков, 10 игроков)"
4075,Koralon the Flame Watcher kills (Wintergrasp 25 player),"Убийства Стража Огня (Озеро Ледяных Оков, 25 игроков)"
4078,Realm First! Grand Crusader,Впервые на сервере! Великий крестоносец!
4079,A Tribute to Immortality,Дань бессмертию
4080,A Tribute to Dedicated Insanity,Дань фанатичному безумию
4096,Isle of Conquest battles,Битвы на Острове Завоеваний
4156,A Tribute to Immortality,Дань бессмертию
4176,Resource Glut,Избыток ресурсов
4177,Mine,"Чур, мое!"
4256,Demolition Derby,Гонка разрушений
4296,Trial of the Champion,Испытание чемпиона
4297,Heroic: Trial of the Champion,Испытание чемпиона (героич.)
4298,Heroic: Trial of the Champion,Испытание чемпиона (героич.)
4316,2500 Dungeon & Raid Emblems,2500 эмблем подземелий и рейдов
4396,Onyxia's Lair (10 player),Логово Ониксии (10 игроков)
4397,Onyxia's Lair (25 player),Логово Ониксии (25 игроков)
4400,WoW's 5th Anniversary,5-я годовщина World of Warcraft
4402,More Dots! (10 player),Больше DOT'ов! (10 игроков)
4403,Many Whelps! Handle It! (10 player),Лупи дракончиков! (10 игроков)
4404,She Deep Breaths More (10 player),Второе дыхание (10 игроков)
4405,More Dots! (25 player),Больше DOT'ов! (25 игроков)
4406,Many Whelps! Handle It! (25 player),Лупи дракончиков! (25 игроков)
4407,She Deep Breaths More (25 player),Второе дыхание (25 игроков)
4436,BB King,Би Би Кинг
4437,BB King,Би Би Кинг
4456,Lich King random Normal dungeons completed,Случайные подземелья Lich King (обычн.)
4476,Looking For More,Ищу тебя!
4477,Looking For Many,Ищу вас!
4478,Looking For Multitudes,Ищу всех!
4496,It's Over Nine Thousand!,Более девяти тысяч!
4516,The Forge of Souls,Кузня Душ
4517,The Pit of Saron,Яма Сарона
4518,The Halls of Reflection,Залы Отражений
4519,Heroic: The Forge of Souls,Кузня Душ (героич.)
4520,Heroic: The Pit of Saron,Яма Сарона (героич.)
4521,Heroic: The Halls of Reflection,Залы Отражений (героич.)
4522,Soul Power,Силы души
4523,Three Faced,Трехликое
4524,Doesn't Go to Eleven,Не жди до одиннадцати!
4525,Don't Look Up,Носите каски
4526,We're Not Retreating; We're Advancing in a Different Direction.,"Мы не отступаем, мы идем другим путем"
4527,The Frostwing Halls (10 player),Залы Ледокрылых (10 игроков)
4528,The Plagueworks (10 player),Чумодельня (10 игроков)
4529,The Crimson Hall (10 player),Багровый зал (10 игроков)
4530,The Frozen Throne (10 player),Ледяной Трон (10 игроков)
4531,Storming the Citadel (10 player),Штурм Цитадели (10 игроков)
4532,Fall of the Lich King (10 player),Падение Короля-лича (10 игроков)
4534,Boned (10 player),Косточка попалась (10 игроков)
4535,Full House (10 player),Полный дом (10 игроков)
4536,I'm on a Boat (10 player),На абордаж! (10 игроков)
4537,I've Gone and Made a Mess (10 player),Я взял и все испортил (10 игроков)
4538,Dances with Oozes (10 player),Танцы со слизнюками (10 игроков)
4539,Once Bitten,С вампирами жить – кровушку пить! (10 игроков)
4556,Lich King random Heroic dungeons completed,Случайные подземелья Lich King (героич.)
4576,Realm First! Fall of the Lich King,1-й на сервере! Падение Короля-лича
4577,Flu Shot Shortage (10 player),"""Масок нет!"" (10 игроков)"
4578,Nausea,"Тяжесть, вздутие и боль в животе... (10 игроков)"
4579,Portal Jockey (10 player),Прогулки по порталам (10 игроков)
4580,All You Can Eat (10 player),Таинственная дама (10 игроков)
4581,Neck-Deep in Vile (10 player),Погрязнуть в пороках (10 игроков)
4582,The Orb Whisperer (10 player),Разуплотнитель гелия (10 игроков)
4583,Bane of the Fallen King,Победа над падшим Королем
4584,The Light of Dawn,Сияние Рассвета
4585,Toravon the Ice Watcher (10 player),Торавон Страж Льда (10 игроков)
4586,Toravon the Ice Watcher (25 player),Торавон Страж Льда (25 игроков)
4596,The Sword in the Skull,Меч в голове
4597,The Frozen Throne (25 player),Ледяной Трон (25 игроков)
4598,The Ashen Verdict,Пепельный союз
4599,Wrathful Gladiator,Разгневанный гладиатор
4600,Wrathful Gladiator's Frost Wyrm,Ледяной змей разгневанноого гладиатора
4601,Been Waiting a Long Time for This (10 player),Давненько я этого жду (10 игроков)
4602,Glory of the Icecrown Raider (10 player),Слава рейдеру Ледяной Короны (10 игроков)
4603,Glory of the Icecrown Raider (25 player),Слава рейдеру Ледяной Короны (25 игроков)
4604,Storming the Citadel (25 player),Штурм Цитадели (25 игроков)
4605,The Plagueworks (25 player),Чумодельня (25 игроков)
4606,The Crimson Hall (25 player),Багровый зал (25 игроков)
4607,The Frostwing Halls (25 player),Залы Ледокрылых (25 игроков)
4608,Fall of the Lich King (25 player),Падение Короля-лича (25 игроков)
4610,Boned (25 player),Косточка попалась (25 игроков)
4611,Full House (25 player),Полный дом (25 игроков)
4612,I'm on a Boat (25 player),На абордаж! (25 игроков)
4613,I've Gone and Made a Mess (25 player),Я взял и все испортил (25 игроков)
4614,Dances with Oozes (25 player),Танцы со слизнюками (25 игроков)
4615,Flu Shot Shortage (25 player),"""Масок нет!"" (25 игроков)"
4616,Nausea,"Тяжесть, вздутие и боль в животе... (25 игроков)"
4617,The Orb Whisperer (25 player),Разуплотнитель гелия (25 игроков)
4618,Once Bitten,С вампирами жить – кровушку пить! (25 игроков)
4619,Portal Jockey (25 player),Прогулки по порталам (25 игроков)
4620,All You Can Eat (25 player),Таинственная дама (25 игроков)
4621,Been Waiting a Long Time for This (25 player),Давненько я этого жду (25 игроков)
4622,Neck-Deep in Vile (25 player),Погрязнуть в пороках (25 игроков)
4623,Shadowmourne,Темная Скорбь
4624,Tough Love,Крепкая любовь
4625,Invincible's Reins,Поводья Непобедимого
4626,And I'll Form the Head!,Я же буду головой!
4627,Big Love Rocket,Большая ракета любви
4628,Heroic: Storming the Citadel (10 player),"Штурм Цитадели (героич., 10 игроков)"
4629,Heroic: The Plagueworks (10 player),"Чумодельня (героич., 10 игроков)"
4630,Heroic: The Crimson Hall (10 player),"Багровый зал (героич., 10 игроков)"
4631,Heroic: The Frostwing Halls (10 player),"Залы Ледокрылых (героич., 10 игроков)"
4632,Heroic: Storming the Citadel (25 player),"Штурм Цитадели (героич., 25 игроков)"
4633,Heroic: The Plagueworks (25 player),"Чумодельня (героич., 25 игроков)"
4634,Heroic: The Crimson Hall (25 player),"Багровый зал (героич., 25 игроков)"
4635,Heroic: The Frostwing Halls (25 player),"Залы Ледокрылых (героич., 25 игроков)"
4636,Heroic: Fall of the Lich King (10 player),"Падение Короля-лича (героич., 10 игроков)"
4637,Heroic: Fall of the Lich King (25 player),"Падение Короля-лича (героич., 25 игроков)"
4639,Lord Marrowgar kills (Icecrown 10 player),Убийства Лорда Ребрада (10 игроков)
4640,Lord Marrowgar kills (Heroic Icecrown 10 player),"Убийства Лорда Ребрада (героич., 10 игроков)"
4641,Lord Marrowgar kills (Icecrown 25 player),Убийства Лорда Ребрада (25 игроков)
4642,Lord Marrowgar kills (Heroic Icecrown 25 player),"Убийства Лорда Ребрада (героич., 25 игроков)"
4643,Lady Deathwhisper kills (Icecrown 10 player),Убийства Леди Смертный Шепот (10 игроков)
4644,Gunship Battle victories (Icecrown 10 player),Победы на боевом корабле (10 игроков)
4645,Deathbringer kills (Icecrown 10 player),Убийства Смертоносного (10 игроков)
4646,Festergut kills (Icecrown 10 player),Убийства Тухлопуза (10 игроков)
4647,Rotface kills (Icecrown 10 player),Убийства Гниломорда (10 игроков)
4648,Blood Prince Council kills (Icecrown 10 player),Победа над Кровавым Советом (10 игроков)
4649,Valithria Dreamwalker rescues (Icecrown 10 player),Спасения Валитрии Сноходицы (10 игроков)
4650,Professor Putricide kills (Icecrown 10 player),Убийства Мерзоцида (10 игроков)
4651,Blood Queen Lana'thel kills (Icecrown 10 player),Убийства Кровавой королевы (10 игроков)
4652,Sindragosa kills (Icecrown 10 player),Убийства Синдрагосы (10 игроков)
4653,Victories over the Lich King (Icecrown 10 player),Победы над Королем-личом (10 игроков)
4654,Lady Deathwhisper kills (Heroic Icecrown 10 player),"Убийства Леди Смертный Шепот (героич., 10 игроков)"
4655,Lady Deathwhisper kills (Icecrown 25 player),Убийства Леди Смертный Шепот (25 игроков)
4656,Lady Deathwhisper kills (Heroic Icecrown 25 player),"Убийства Леди Смертный Шепот (героич., 25 игроков)"
4657,Toravon the Ice Watcher kills (Wintergrasp 10 player),"Убийства Торавона Стража Льда (Озеро Ледяных Оков, 10 игроков)"
4658,Toravon the Ice Watcher kills (Wintergrasp 25 player),"Убийства Торавона Стража Льда (Озеро Ледяных Оков, 25 игроков)"
4659,Gunship Battle victories (Heroic Icecrown 10 player),"Победы на боевом корабле (героич., 10 игроков)"
4660,Gunship Battle victories (Icecrown 25 player),Победы на боевом корабле (25 игроков)
4661,Gunship Battle victories (Heroic Icecrown 25 player),"Победы на боевом корабле (героич., 25 игроков)"
4662,Deathbringer kills (Heroic Icecrown 10 player),"Убийства Смертоносного (героич., 10 игроков)"
4663,Deathbringer kills (Icecrown 25 player),Убийства Смертоносного (25 игроков)
4664,Deathbringer kills (Heroic Icecrown 25 player),"Убийства Смертоносного (героич., 25 игроков)"
4665,Festergut kills (Heroic Icecrown 10 player),"Убийства Тухлопуза (героич., 10 игроков)"
4666,Festergut kills (Icecrown 25 player),Убийства Тухлопуза (25 игроков)
4667,Festergut kills (Heroic Icecrown 25 player),"Убийства Тухлопуза (героич., 25 игроков)"
4668,Rotface kills (Heroic Icecrown 10 player),"Убийства Гниломорда (героич., 10 игроков)"
4669,Rotface kills (Icecrown 25 player),Убийства Гниломорда (25 игроков)
4670,Rotface kills (Heroic Icecrown 25 player),"Убийства Гниломорда (героич., 25 игроков)"
4671,Blood Prince Council kills (Heroic Icecrown 10 player),"Победа над Кровавым Советом (героич., 10 игроков)"
4672,Blood Prince Council kills (Icecrown 25 player),Победа над Кровавым Советом (25 игроков)
4673,Blood Prince Council kills (Heroic Icecrown 25 player),"Победа над Кровавым Советом (героич., 25 игроков)"
4674,Valithria Dreamwalker rescues (Heroic Icecrown 10 player),"Спасения Валитрии Сноходицы (героич., 10 игроков)"
4675,Valithria Dreamwalker rescues (Icecrown 25 player),Спасения Валитрии Сноходицы (25 игроков)
4676,Valithria Dreamwalker rescues (Heroic Icecrown 25 player),"Спасения Валитрии Сноходицы (героич., 25 игроков)"
4677,Professor Putricide kills (Heroic Icecrown 10 player),"Убийства Мерзоцида (героич., 10 игроков)"
4678,Professor Putricide kills (Icecrown 25 player),Убийства Мерзоцида (25 игроков)
4679,Professor Putricide kills (Heroic Icecrown 25 player),"Убийства Мерзоцида (героич., 25 игроков)"
4680,Blood Queen Lana'thel kills (Heroic Icecrown 10 player),"Убийства Кровавой королевы (героич., 10 игроков)"
4681,Blood Queen Lana'thel kills (Icecrown 25 player),Убийства Кровавой королевы (25 игроков)
4682,Blood Queen Lana'thel kills (Heroic Icecrown 25 player),"Убийства Кровавой королевы (героич., 25 игроков)"
4683,Sindragosa kills (Icecrown 25 player),Убийства Синдрагосы (25 игроков)
4684,Sindragosa kills (Heroic Icecrown 10 player),"Убийства Синдрагосы (героич., 10 игроков)"
4685,Sindragosa kills (Heroic Icecrown 25 player),"Убийства Синдрагосы (героич., 25 игроков)"
4686,Victories over the Lich King (Heroic Icecrown 10 player),"Победы над Королем-личом (героич., 10 игроков)"
4687,Victories over the Lich King (Icecrown 25 player),Победы над Королем-личом (25 игроков)
4688,Victories over the Lich King (Heroic Icecrown 25 player),"Победы над Королем-личом (героич., 25 игроков)"
4713,Bronjahm kills (Forge of Souls),Убийства Броньяма (Кузня Душ)
4714,Bronjahm kills (Heroic Forge of Souls),"Убийства Броньяма (Кузня Душ, героич.)"
4715,Devourer of Souls kills (Forge of Souls),Убийства Пожирателя Душ (Кузня Душ)
4716,Devourer of Souls kills (Heroic Forge of Souls),"Убийства Пожирателя Душ (Кузня Душ, героич.)"
4717,Forgemaster Garfrost kills (Pit of Saron),Убийства Гархлада (Яма Сарона)
4718,Ick and Krick kills (Pit of Saron),Убийства Ика и Крика (Яма Сарона)
4719,Ick and Krick kills (Heroic Pit of Saron),"Убийства Ика и Крика (Яма Сарона, героич.)"
4720,Scourgelord Tyrannus kills (Pit of Saron),Убийства Повелителя Плети Тирания (Яма Сарона)
4721,Scourgelord Tyrannus kills (Heroic Pit of Saron),"Убийства Повелителя Плети Тирания (Яма Сарона, героич.)"
4722,Falric kills (Halls of Reflection),Убийства Фалрика (Залы Отражений)
4723,Falric kills (Heroic Halls of Reflection),"Убийства Фалрика (Залы Отражений, героич.)"
4724,Marwyn kills (Halls of Reflection),Убийства Марвина (Залы Отражений)
4725,Marwyn kills (Heroic Halls of Reflection),"Убийства Марвина (Залы Отражений, героич.)"
4726,Lich King escapes (Halls of Reflection),Побеги от Короля-лича (Залы Отражений)
4727,Lich King escapes (Heroic Halls of Reflection),"Побеги от Короля-лича (Залы Отражений, героич.)"
4728,Forgemaster Garfrost kills (Heroic Pit of Saron),"Убийства Гархлада (Яма Сарона, героич.)"
4729,Emblems of Triumph acquired,Получено эмблем триумфа
4730,Emblems of Frost acquired,Получено эмблем льда
4777,Isle of Conquest Killing Blows,Смертельные удары на Острове Завоеваний
4779,Isle of Conquest Honorable Kills,Почетные победы на Острове Завоеваний
4782,Green Brewfest Stein,Зеленая кружка Хмельного фестиваля
4786,Operation: Gnomeregan,"Операция ""Гномреган"""
4790,Zalazane's Fall,Падение Залазана
4815,The Twilight Destroyer (25 player),Сумеречный разрушитель (25 игроков)
4816,Heroic: The Twilight Destroyer (25 player),"Сумеречный разрушитель (героич., 25 игроков)"
4817,The Twilight Destroyer (10 player),Сумеречный разрушитель (10 игроков)
4818,Heroic: The Twilight Destroyer (10 player),"Сумеречный разрушитель (героич., 10 игроков)"
4820,Halion kills (Ruby Sanctum 25 player),"Убийства Халиона (Рубиновое святилище, 25 игроков)"
4821,Halion kills (Ruby Sanctum 10 player),"Убийства Халиона (Рубиновое святилище, 10 игроков)"
4822,Halion kills (Heroic Ruby Sanctum 10 player),"Убийства Халиона (Рубиновое святилище, 10 игроков, героич.)"
4823,Halion kills (Heroic Ruby Sanctum 25 player),"Убийства Халиона (Рубиновое святилище, 25 игроков, героич.)"
4824,Collector's Edition: Mini Thor,Коллекционное издание: Игрушечный Тор
